Castle Black,65,1,1
The Haunted Forest,99,1,1
The Haunted Forest,7,1,1
The Haunted Forest,7,1,1
The Haunted Forest,6,1,1
The Haunted Forest,112,1,1
The Haunted Forest,5,1,1
The Haunted Forest,7,1,1
The Haunted Forest,10,1,1
The Haunted Forest,23,1,1
The Haunted Forest,18,1,1
The Haunted Forest,10,1,1
The Haunted Forest,56,1,1
Winterfell,191,1,1
Outside Winterfell,183,1,1
Outside Winterfell,183,1,1
King's Landing,121,1,1
Winterfell,118,1,1
Winterfell,26,1,1
Winterfell,30,1,1
Winterfell,337,1,1
Winterfell,91,1,1
Winterfell,130,1,1
Winterfell,48,1,1
Winterfell,51,1,1
Winterfell,23,1,1
Winterfell,175,1,1
Winterfell,194,1,1
Winterfell,181,1,1
Winterfell,78,1,1
Winterfell,111,1,1
Winterfell,97,1,2
Winterfell,133,1,2
Winterfell,146,1,2
Winterfell,102,1,2
Winterfell,137,1,2
Winterfell,219,1,2
Winterfell,45,1,2
Winterfell,104,1,2
The Kingsroad South to King's Landing,199,1,2
Dothraki Camp,46,1,2
North to the Wall,200,1,2
Winterfell,192,1,2
Dothraki Camp,113,1,2
The Gift,32,1,2
Winterfell,79,1,2
Winterfell,109,1,2
Winterfell,53,1,2
Dothraki Camp,103,1,2
Dothraki Camp,130,1,2
Crossroads Inn,111,1,2
Crossroads Inn,163,1,2
Crossroads Inn,51,1,2
Crossroads Inn,38,1,2
Crossroads Inn,249,1,2
Crossroads Inn,31,1,2
Winterfell,11,1,2
Crossroads Inn,28,1,2
Winterfell,16,1,2
Crossroads Inn,10,1,2
Winterfell,9,1,2
King's Landing,55,1,3
King's Landing,155,1,3
King's Landing,174,1,3
King's Landing,159,1,3
King's Landing,81,1,3
King's Landing,217,1,3
Winterfell,182,1,3
King's Landing,172,1,3
Castle Black,96,1,3
King's Landing,49,1,3
King's Landing,35,1,3
Castle Black,120,1,3
King's Landing,37,1,3
King's Landing,69,1,3
King's Landing,99,1,3
King's Landing,272,1,3
Castle Black,215,1,3
Castle Black,234,1,3
Dothraki Camp,38,1,3
Dothraki Camp,134,1,3
Castle Black,123,1,3
Dothraki Camp,49,1,3
Castle Black,62,1,3
King's Landing,212,1,3
Winterfell,49,1,4
Winterfell,54,1,4
Winterfell,103,1,4
Winterfell,87,1,4
Castle Black,211,1,4
King's Landing,103,1,4
King's Landing,144,1,4
King's Landing,145,1,4
King's Landing,108,1,4
Castle Black,132,1,4
King's Landing,108,1,4
King's Landing,33,1,4
King's Landing,21,1,4
King's Landing,117,1,4
King's Landing,9,1,4
King's Landing,117,1,4
Castle Black,61,1,4
Castle Black,26,1,4
Castle Black,78,1,4
Castle Black,359,1,4
King's Landing,249,1,4
King's Landing,100,1,4
Crossroads Inn,184,1,4
King's Landing,25,1,5
King's Landing,37,1,5
King's Landing,55,1,5
King's Landing,153,1,5
King's Landing,239,1,5
Eastern Road,198,1,5
Winterfell,155,1,5
Winterfell,104,1,5
King's Landing,14,1,5
King's Landing,154,1,5
King's Landing,90,1,5
King's Landing,213,1,5
King's Landing,61,1,5
King's Landing,104,1,5
King's Landing,15,1,5
King's Landing,13,1,5
Eastern Road,70,1,5
King's Landing,18,1,5
King's Landing,215,1,5
King's Landing,9,1,5
King's Landing,58,1,5
The Eyrie,119,1,5
The Eyrie,41,1,5
King's Landing,237,1,5
King's Landing,379,1,5
King's Landing,56,1,5
King's Landing,48,1,5
King's Landing,193,1,5
King's Landing,269,1,6
Winterfell,35,1,6
Winterfell,11,1,6
The Wolfswood,66,1,6
The Wolfswood,207,1,6
The Eyrie,67,1,6
King's Landing,112,1,6
The Eyrie,118,1,6
The Eyrie,335,1,6
The Kingswood,113,1,6
King's Landing,245,1,6
The Eyrie,267,1,6
King's Landing,173,1,6
Winterfell,93,1,6
King's Landing,147,1,6
Lannister Camp,283,1,7
King's Landing,181,1,7
King's Landing,304,1,7
Winterfell,222,1,7
Castle Black,52,1,7
Castle Black,45,1,7
King's Landing,14,1,7
King's Landing,295,1,7
King's Landing,97,1,7
Castle Black,330,1,7
Castle Black,106,1,7
King's Landing,127,1,7
King's Landing,210,1,7
Castle Black,38,1,7
The Haunted Forest,90,1,7
King's Landing,20,1,7
King's Landing,41,1,7
King's Landing,14,1,7
King's Landing,209,1,7
King's Landing,7,1,8
King's Landing,14,1,8
King's Landing,8,1,8
King's Landing,15,1,8
King's Landing,42,1,8
King's Landing,154,1,8
King's Landing,21,1,8
King's Landing,21,1,8
King's Landing,37,1,8
King's Landing,182,1,8
Castle Black,76,1,8
Castle Black,89,1,8
King's Landing,132,1,8
Winterfell,73,1,8
Winterfell,13,1,8
The Eyrie,114,1,8
To the Westerlands,83,1,8
To the Westerlands,171,1,8
Castle Black,68,1,8
Castle Black,55,1,8
Castle Black,86,1,8
Lhazareen Village,126,1,8
Lhazareen Village,253,1,8
Winterfell,104,1,8
Winterfell,122,1,8
Winterfell,136,1,8
Castle Black,70,1,8
The Neck,25,1,8
The Neck,68,1,8
The Neck,123,1,8
Lannister Camp,73,1,8
Lannister Camp,198,1,8
The Neck,33,1,8
The Neck,7,1,8
The Neck,128,1,8
King's Landing,10,1,8
King's Landing,369,1,8
King's Landing,241,1,9
The Twins,107,1,9
The Twins,96,1,9
The Twins,113,1,9
Castle Black,135,1,9
Castle Black,16,1,9
Castle Black,83,1,9
The Twins,14,1,9
The Twins,102,1,9
The Twins,27,1,9
Castle Black,220,1,9
The Desert,101,1,9
Lannister Camp,108,1,9
Lannister Camp,154,1,9
Lannister Camp,438,1,9
Lannister Camp,56,1,9
Lannister Camp,24,1,9
Lannister Camp,48,1,9
Battlefield,99,1,9
Riverrun,21,1,9
Riverrun,31,1,9
Riverrun,123,1,9
King's Landing,58,1,9
King's Landing,330,1,9
King's Landing,46,1,10
King's Landing,22,1,10
Winterfell,28,1,10
Winterfell,31,1,10
Winterfell,76,1,10
Winterfell,27,1,10
Camp of the North,120,1,10
King's Landing,165,1,10
King's Landing,160,1,10
Camp of the North,136,1,10
Camp of the North,183,1,10
King's Landing,32,1,10
Lannister Camp,76,1,10
Lannister Camp,118,1,10
Castle Black,57,1,10
Lannister Camp,84,1,10
The Gift,123,1,10
King's Landing,185,1,10
King's Landing,19,1,10
King's Landing,126,1,10
King's Landing,40,1,10
King's Landing,10,1,10
King's Landing,135,1,10
Castle Black,117,1,10
Castle Black,46,1,10
King's Landing,39,2,1
King's Landing,4,2,1
King's Landing,222,2,1
King's Landing,139,2,1
King's Landing,97,2,1
Winterfell,116,2,1
Winterfell,33,2,1
Winterfell,7,2,1
Winterfell,84,2,1
Craster's Keep,35,2,1
Craster's Keep,68,2,1
Craster's Keep,239,2,1
Craster's Keep,32,2,1
Dragonstone,189,2,1
Dragonstone,59,2,1
Dragonstone,184,2,1
Camp of the North,208,2,1
King's Landing,99,2,1
King's Landing,165,2,1
Camp of the North,92,2,1
Camp of the North,68,2,1
Camp of the North,171,2,1
King's Landing,145,2,1
King's Landing,25,2,1
King's Landing,125,2,1
King's Landing,28,2,1
King's Landing,23,2,1
The Kingsroad,29,2,1
The Kingsroad,13,2,2
The Kingsroad,85,2,2
The Kingsroad,133,2,2
King's Landing,150,2,2
King's Landing,49,2,2
King's Landing,77,2,2
Craster's Keep,89,2,2
Craster's Keep,46,2,2
Craster's Keep,123,2,2
King's Landing,55,2,2
King's Landing,209,2,2
King's Landing,15,2,2
King's Landing,180,2,2
King's Landing,31,2,2
The Kingsroad,88,2,2
The Kingsroad,148,2,2
Lordsport,79,2,2
Lordsport,35,2,2
Pyke,68,2,2
Pyke,166,2,2
Pyke,85,2,2
Dragonstone,192,2,2
Dragonstone,68,2,2
King's Landing,151,2,2
Dragonstone,73,2,2
Dragonstone,161,2,2
Craster's Keep,102,2,2
Craster's Keep,30,2,2
Craster's Keep,37,2,3
Craster's Keep,114,2,3
Craster's Keep,89,2,3
Winterfell,18,2,3
Winterfell,33,2,3
Winterfell,152,2,3
Storm's End,248,2,3
Storm's End,55,2,3
Storm's End,26,2,3
Pyke,235,2,3
Pyke,23,2,3
King's Landing,100,2,3
King's Landing,88,2,3
King's Landing,133,2,3
King's Landing,79,2,3
King's Landing,41,2,3
King's Landing,117,2,3
Storm's End,125,2,3
Storm's End,193,2,3
King's Landing,82,2,3
Pyke,36,2,3
Pyke,81,2,3
King's Landing,74,2,3
King's Landing,128,2,3
King's Landing,111,2,3
The Kingsroad,257,2,3
The Kingsroad,33,2,3
The Kingsroad,92,2,3
The Kingsroad,119,2,3
The Kingsroad,50,2,3
Oxcross,109,2,4
Oxcross,13,2,4
Oxcross,64,2,4
Oxcross,19,2,4
Oxcross,31,2,4
Oxcross,11,2,4
Oxcross,107,2,4
King's Landing,76,2,4
King's Landing,96,2,4
King's Landing,25,2,4
King's Landing,24,2,4
King's Landing,196,2,4
Storm's End,12,2,4
Storm's End,13,2,4
Storm's End,95,2,4
Storm's End,36,2,4
Storm's End,77,2,4
Harrenhal,47,2,4
Harrenhal,61,2,4
Harrenhal,28,2,4
Storm's End,228,2,4
Harrenhal,81,2,4
Harrenhal,79,2,4
Harrenhal,21,2,4
Storm's End,193,2,4
Harrenhal,48,2,4
Harrenhal,95,2,4
King's Landing,231,2,4
Storm's End,113,2,4
Storm's End,68,2,4
Storm's End,156,2,4
Storm's End,203,2,5
Storm's End,17,2,5
Storm's End,149,2,5
King's Landing,4,2,5
King's Landing,98,2,5
King's Landing,98,2,5
Storm's End,25,2,5
Storm's End,138,2,5
King's Landing,40,2,5
King's Landing,57,2,5
Lordsport,30,2,5
Lordsport,115,2,5
Lordsport,6,2,5
Lordsport,73,2,5
Harrenhal,190,2,5
Harrenhal,20,2,5
Harrenhal,137,2,5
Fist of the First Men,53,2,5
Fist of the First Men,21,2,5
Fist of the First Men,107,2,5
King's Landing,181,2,5
The Woods,188,2,5
Winterfell,56,2,5
Winterfell,41,2,5
Winterfell,112,2,5
Fist of the First Men,166,2,5
Harrenhal,73,2,5
Winterfell,39,2,6
Winterfell,40,2,6
Winterfell,50,2,6
Winterfell,92,2,6
Winterfell,52,2,6
Winterfell,216,2,6
Frostfang Mountains,161,2,6
Harrenhal,98,2,6
Harrenhal,178,2,6
Frostfang Mountains,198,2,6
Frostfang Mountains,94,2,6
Frostfang Mountains,89,2,6
King's Landing,57,2,6
King's Landing,23,2,6
King's Landing,11,2,6
King's Landing,27,2,6
King's Landing,90,2,6
King's Landing,4,2,6
King's Landing,5,2,6
King's Landing,10,2,6
King's Landing,43,2,6
King's Landing,14,2,6
King's Landing,9,2,6
King's Landing,41,2,6
King's Landing,9,2,6
King's Landing,19,2,6
Harrenhal,150,2,6
Harrenhal,18,2,6
Harrenhal,61,2,6
Harrenhal,29,2,6
Harrenhal,10,2,6
Camp of the North,36,2,6
Camp of the North,97,2,6
Camp of the North,46,2,6
Camp of the North,34,2,6
Frostfang Mountains,164,2,6
Camp of the North,81,2,6
Winterfell,108,2,6
King's Landing,53,2,6
Winterfell,33,2,6
Winterfell,41,2,6
Winterfell,19,2,6
Winterfell,14,2,7
Winterfell,60,2,7
Outside Winterfell,81,2,7
Outside Winterfell,61,2,7
Frostfang Mountains,92,2,7
Frostfang Mountains,117,2,7
Harrenhal,79,2,7
Harrenhal,284,2,7
King's Landing,58,2,7
Frostfang Mountains,97,2,7
Camp of the North,22,2,7
Camp of the North,62,2,7
Camp of the North,23,2,7
Camp of the North,79,2,7
Outside Winterfell,99,2,7
Frostfang Mountains,137,2,7
Frostfang Mountains,20,2,7
King's Landing,6,2,7
King's Landing,12,2,7
King's Landing,51,2,7
King's Landing,19,2,7
King's Landing,12,2,7
King's Landing,166,2,7
Camp of the North,373,2,7
Camp of the North,24,2,7
Camp of the North,21,2,7
Camp of the North,41,2,7
Camp of the North,74,2,7
Camp of the North,17,2,7
King's Landing,202,2,7
Camp of the North,30,2,7
Camp of the North,185,2,7
Winterfell,46,2,7
Winterfell,39,2,8
Winterfell,199,2,8
Frostfang Mountains,67,2,8
Frostfang Mountains,11,2,8
Frostfang Mountains,34,2,8
Camp of the North,134,2,8
Camp of the North,18,2,8
Camp of the North,101,2,8
To King's Landing,7,2,8
To King's Landing,143,2,8
Harrenhal,107,2,8
Harrenhal,42,2,8
Harrenhal,33,2,8
Harrenhal,5,2,8
Harrenhal,11,2,8
Frostfang Mountains,47,2,8
King's Landing,91,2,8
King's Landing,131,2,8
Fist of the First Men,143,2,8
Harrenhal,17,2,8
Harrenhal,122,2,8
King's Landing,14,2,8
King's Landing,40,2,8
King's Landing,2,2,8
King's Landing,182,2,8
King's Landing,57,2,8
King's Landing,29,2,8
King's Landing,89,2,8
Camp of the North,48,2,8
Camp of the North,21,2,8
Camp of the North,353,2,8
Harrenhal,75,2,8
Blackwater Bay,25,2,8
Blackwater Bay,151,2,8
King's Landing,64,2,8
King's Landing,128,2,8
Winterfell,32,2,8
Winterfell,10,2,8
Winterfell,4,2,8
Winterfell,16,2,8
Winterfell,56,2,8
Blackwater Bay,47,2,9
Blackwater Bay,16,2,9
Blackwater Bay,28,2,9
Blackwater Bay,81,2,9
King's Landing,104,2,9
King's Landing,93,2,9
King's Landing,94,2,9
King's Landing,151,2,9
King's Landing,172,2,9
Blackwater Bay,7,2,9
Blackwater Bay,16,2,9
Blackwater Bay,18,2,9
Blackwater Bay,4,2,9
King's Landing,36,2,9
King's Landing,25,2,9
King's Landing,26,2,9
King's Landing,2,2,9
King's Landing,63,2,9
King's Landing,22,2,9
King's Landing,6,2,9
King's Landing,16,2,9
King's Landing,10,2,9
King's Landing,60,2,9
Blackwater Bay,22,2,9
King's Landing,10,2,9
King's Landing,21,2,9
King's Landing,47,2,9
King's Landing,28,2,9
King's Landing,14,2,9
King's Landing,5,2,9
King's Landing,18,2,9
King's Landing,4,2,9
Blackwater Bay,5,2,9
King's Landing,16,2,9
King's Landing,3,2,9
King's Landing,6,2,9
Blackwater Bay,42,2,9
King's Landing,4,2,9
King's Landing,9,2,9
Blackwater Bay,19,2,9
King's Landing,2,2,9
King's Landing,3,2,9
King's Landing,1,2,9
King's Landing,7,2,9
Blackwater Bay,18,2,9
King's Landing,4,2,9
King's Landing,4,2,9
King's Landing,7,2,9
King's Landing,5,2,9
King's Landing,7,2,9
King's Landing,1,2,9
King's Landing,25,2,9
King's Landing,13,2,9
King's Landing,3,2,9
Blackwater Bay,8,2,9
King's Landing,10,2,9
Blackwater Bay,43,2,9
King's Landing,21,2,9
King's Landing,172,2,9
King's Landing,3,2,9
King's Landing,23,2,9
King's Landing,15,2,9
King's Landing,4,2,9
King's Landing,23,2,9
King's Landing,8,2,9
King's Landing,12,2,9
King's Landing,3,2,9
King's Landing,3,2,9
King's Landing,11,2,9
King's Landing,9,2,9
King's Landing,4,2,9
King's Landing,9,2,9
King's Landing,5,2,9
King's Landing,5,2,9
King's Landing,2,2,9
King's Landing,10,2,9
King's Landing,3,2,9
King's Landing,5,2,9
King's Landing,2,2,9
King's Landing,8,2,9
King's Landing,4,2,9
King's Landing,6,2,9
King's Landing,5,2,9
King's Landing,9,2,9
King's Landing,11,2,9
King's Landing,20,2,9
King's Landing,40,2,9
King's Landing,82,2,9
King's Landing,47,2,9
King's Landing,24,2,9
King's Landing,59,2,9
King's Landing,2,2,9
King's Landing,2,2,9
King's Landing,8,2,9
King's Landing,25,2,9
King's Landing,27,2,9
King's Landing,45,2,9
King's Landing,65,2,9
King's Landing,48,2,9
King's Landing,5,2,9
King's Landing,57,2,9
King's Landing,5,2,9
King's Landing,25,2,9
King's Landing,6,2,9
King's Landing,26,2,9
King's Landing,25,2,9
King's Landing,58,2,9
King's Landing,26,2,9
King's Landing,118,2,9
King's Landing,10,2,9
King's Landing,10,2,9
King's Landing,47,2,9
King's Landing,13,2,9
King's Landing,10,2,9
King's Landing,27,2,9
King's Landing,49,2,9
King's Landing,3,2,9
King's Landing,7,2,9
King's Landing,1,2,9
King's Landing,12,2,9
King's Landing,27,2,9
King's Landing,6,2,9
King's Landing,11,2,9
King's Landing,4,2,9
King's Landing,6,2,9
King's Landing,5,2,9
King's Landing,13,2,9
King's Landing,6,2,9
King's Landing,4,2,9
King's Landing,3,2,9
King's Landing,3,2,9
King's Landing,3,2,9
King's Landing,19,2,9
King's Landing,51,2,10
King's Landing,49,2,10
King's Landing,63,2,10
King's Landing,210,2,10
King's Landing,75,2,10
King's Landing,147,2,10
East to King's Landing,95,2,10
East to King's Landing,203,2,10
Camp of the North,104,2,10
Dragonstone,214,2,10
Winterfell,284,2,10
Winterfell,99,2,10
Winterfell,26,2,10
King's Landing,77,2,10
King's Landing,35,2,10
King's Landing,166,2,10
Camp of the North,51,2,10
Outside Harrenhal,12,2,10
Outside Harrenhal,17,2,10
Outside Harrenhal,132,2,10
Outside Harrenhal,24,2,10
Winterfell,73,2,10
Winterfell,100,2,10
Winterfell,39,2,10
Winterfell,27,2,10
King's Landing,103,2,10
The Wall,40,2,10
Vaes Dothrak,160,2,10
Frostfang Mountains,184,2,10
Frostfang Mountains,40,2,10
Fist of the First Men,103,2,10
Fist of the First Men,30,2,10
Fist of the First Men,59,2,10
Fist of the First Men,41,2,10
Fist of the First Men,11,3,1
Fist of the First Men,46,3,1
Fist of the First Men,25,3,1
Fist of the First Men,22,3,1
Fist of the First Men,16,3,1
Fist of the First Men,13,3,1
Fist of the First Men,58,3,1
Frostfang Mountains,34,3,1
Frostfang Mountains,8,3,1
Frostfang Mountains,53,3,1
Frostfang Mountains,60,3,1
Frostfang Mountains,117,3,1
Frostfang Mountains,171,3,1
King's Landing,6,3,1
King's Landing,42,3,1
King's Landing,20,3,1
King's Landing,208,3,1
King's Landing,53,3,1
King's Landing,3,3,1
King's Landing,51,3,1
Blackwater Bay,67,3,1
Blackwater Bay,41,3,1
Blackwater Bay,173,3,1
Harrenhal,35,3,1
Harrenhal,30,3,1
Harrenhal,23,3,1
Harrenhal,105,3,1
King's Landing,297,3,1
King's Landing,63,3,1
King's Landing,34,3,1
King's Landing,54,3,1
King's Landing,70,3,1
Dragonstone,19,3,1
Dragonstone,162,3,1
King's Landing,13,3,1
King's Landing,4,3,1
King's Landing,15,3,1
King's Landing,30,3,1
King's Landing,15,3,1
King's Landing,9,3,1
King's Landing,77,3,1
King's Landing,22,3,1
King's Landing,152,3,1
Slaver's Bay,14,3,1
Outside Winterfell,48,3,2
Outside Winterfell,17,3,2
Outside Winterfell,8,3,2
Outside Winterfell,13,3,2
North to the Wall,68,3,2
Harrenhal,37,3,2
Harrenhal,23,3,2
Harrenhal,62,3,2
The Dreadfort,43,3,2
East to King's Landing,157,3,2
East to King's Landing,61,3,2
King's Landing,29,3,2
King's Landing,90,3,2
King's Landing,12,3,2
King's Landing,71,3,2
King's Landing,20,3,2
King's Landing,27,3,2
King's Landing,18,3,2
King's Landing,171,3,2
King's Landing,22,3,2
King's Landing,76,3,2
King's Landing,7,3,2
To Riverrun,66,3,2
To Riverrun,203,3,2
Wildlings March South,66,3,2
Wildlings March South,77,3,2
Nightswatch March South,51,3,2
Nightswatch March South,12,3,2
Nightswatch March South,97,3,2
North to the Wall,34,3,2
North to the Wall,14,3,2
North to the Wall,29,3,2
North to the Wall,77,3,2
North to the Red Fork,57,3,2
North to the Red Fork,189,3,2
King's Landing,201,3,2
King's Landing,8,3,2
King's Landing,286,3,2
The Dreadfort,82,3,2
The Dreadfort,40,3,2
North to the Wall,59,3,2
North to the Wall,24,3,2
North to the Wall,4,3,2
North to the Wall,49,3,2
North to the Wall,7,3,2
Crossroads Inn,112,3,2
Crossroads Inn,52,3,2
East to King's Landing,195,3,2
East to King's Landing,58,3,2
Riverrun,131,3,3
Riverrun,143,3,3
King's Landing,244,3,3
To Harrenhal,17,3,3
To Harrenhal,92,3,3
Crossroads Inn,40,3,3
Crossroads Inn,25,3,3
Crossroads Inn,94,3,3
Crossroads Inn,20,3,3
Riverrun,149,3,3
Riverrun,47,3,3
Fist of the First Men,136,3,3
Craster's Keep,37,3,3
Craster's Keep,41,3,3
Craster's Keep,112,3,3
Craster's Keep,24,3,3
Craster's Keep,35,3,3
The Dreadfort,67,3,3
The Dreadfort,22,3,3
Dragonstone,114,3,3
King's Landing,42,3,3
King's Landing,85,3,3
King's Landing,17,3,3
King's Landing,32,3,3
King's Landing,74,3,3
King's Landing,81,3,3
King's Landing,79,3,3
The Dreadfort,171,3,3
The Dreadfort,46,3,3
To Harrenhal,69,3,3
To Harrenhal,74,3,3
To Harrenhal,44,3,3
To Harrenhal,41,3,3
To Harrenhal,45,3,3
To Harrenhal,72,3,3
To Harrenhal,166,3,4
King's Landing,225,3,4
King's Landing,20,3,4
Craster's Keep,77,3,4
Craster's Keep,9,3,4
Craster's Keep,58,3,4
North to the Wall,49,3,4
North to the Wall,16,3,4
North to the Wall,14,3,4
King's Landing,109,3,4
King's Landing,17,3,4
King's Landing,63,3,4
King's Landing,65,3,4
King's Landing,72,3,4
King's Landing,32,3,4
King's Landing,16,3,4
The Dreadfort,60,3,4
The Dreadfort,162,3,4
The Dreadfort,39,3,4
To Harrenhal,13,3,4
To Harrenhal,121,3,4
King's Landing,167,3,4
King's Landing,39,3,4
King's Landing,22,3,4
King's Landing,76,3,4
King's Landing,106,3,4
King's Landing,168,3,4
Craster's Keep,61,3,4
Craster's Keep,42,3,4
Craster's Keep,21,3,4
Craster's Keep,107,3,4
Craster's Keep,18,3,4
Craster's Keep,17,3,4
Craster's Keep,18,3,4
Craster's Keep,3,3,4
Craster's Keep,27,3,4
Craster's Keep,24,3,4
Craster's Keep,6,3,4
Hollow Hill,39,3,4
Hollow Hill,49,3,4
Hollow Hill,214,3,4
Hollow Hill,179,3,5
Hollow Hill,38,3,5
Wildling Camp,132,3,5
Wildling Camp,32,3,5
Cave Outside Wildling Camp,215,3,5
Hollow Hill,34,3,5
Harrenhal,112,3,5
Harrenhal,99,3,5
King's Landing,52,3,5
King's Landing,18,3,5
King's Landing,101,3,5
King's Landing,24,3,5
Hollow Hill,88,3,5
Riverrun,29,3,5
Riverrun,13,3,5
Riverrun,104,3,5
Riverrun,72,3,5
Riverrun,85,3,5
Hollow Hill,52,3,5
Hollow Hill,130,3,5
Dragonstone,33,3,5
Dragonstone,169,3,5
Dragonstone,6,3,5
Dragonstone,97,3,5
Harrenhal,402,3,5
Dragonstone,92,3,5
Outside Yunkai,10,3,5
Outside Yunkai,4,3,5
Outside Yunkai,76,3,5
Outside Yunkai,103,3,5
Outside Yunkai,98,3,5
Riverrun,129,3,5
King's Landing,46,3,5
King's Landing,40,3,5
King's Landing,16,3,5
King's Landing,101,3,5
King's Landing,218,3,5
South to the Wall,199,3,6
North to the Wall,181,3,6
The Wall,23,3,6
The Wall,181,3,6
The Wall,34,3,6
Hollow Hill,84,3,6
Hollow Hill,77,3,6
Hollow Hill,190,3,6
Hollow Hill,155,3,6
The Wall,89,3,6
The Dreadfort,332,3,6
Riverrun,123,3,6
Riverrun,103,3,6
Harrenhal,138,3,6
King's Landing,225,3,6
The Wall,159,3,6
King's Landing,94,3,6
King's Landing,172,3,6
King's Landing,41,3,6
King's Landing,4,3,6
King's Landing,57,3,6
King's Landing,144,3,6
King's Landing,19,3,6
King's Landing,24,3,6
Top of the Wall,98,3,6
Top of the Wall,61,3,6
The Gift,12,3,7
The Gift,76,3,7
The Gift,52,3,7
Camp of the North,65,3,7
Camp of the North,8,3,7
Camp of the North,235,3,7
Camp of the North,6,3,7
The Gift,35,3,7
The Gift,5,3,7
The Gift,75,3,7
King's Landing,189,3,7
King's Landing,81,3,7
King's Landing,208,3,7
Outside Yunkai,74,3,7
Outside Yunkai,26,3,7
Outside Yunkai,30,3,7
Outside Yunkai,8,3,7
Outside Yunkai,3,3,7
Outside Yunkai,222,3,7
Outside Yunkai,19,3,7
Outside Yunkai,11,3,7
King's Landing,135,3,7
Blackwater Bay,14,3,7
Blackwater Bay,98,3,7
Hollow Hill,58,3,7
Hollow Hill,17,3,7
Hollow Hill,29,3,7
Hollow Hill,2,3,7
Hollow Hill,19,3,7
Hollow Hill,13,3,7
Harrenhal,92,3,7
Harrenhal,48,3,7
Harrenhal,22,3,7
The Dreadfort,231,3,7
The Dreadfort,92,3,7
The Gift,18,3,7
The Gift,11,3,7
The Gift,208,3,7
North to the Wall,238,3,7
South to King's Landing,164,3,7
South to King's Landing,68,3,7
Harrenhal,29,3,7
Harrenhal,3,3,7
Harrenhal,78,3,7
Harrenhal,55,3,7
Harrenhal,55,3,7
Harrenhal,20,3,7
Harrenhal,5,3,7
Red Fork,55,3,8
Red Fork,112,3,8
Outside Yunkai,9,3,8
Outside Yunkai,66,3,8
Outside Yunkai,185,3,8
Outside Yunkai,4,3,8
Dragonstone,27,3,8
Dragonstone,44,3,8
Dragonstone,40,3,8
Dragonstone,47,3,8
Dragonstone,233,3,8
Outside Yunkai,18,3,8
Outside Yunkai,124,3,8
King's Landing,61,3,8
King's Landing,85,3,8
King's Landing,3,3,8
King's Landing,42,3,8
King's Landing,77,3,8
King's Landing,185,3,8
Dragonstone,334,3,8
Dragonstone,74,3,8
King's Landing,5,3,8
King's Landing,11,3,8
King's Landing,33,3,8
King's Landing,26,3,8
King's Landing,16,3,8
King's Landing,11,3,8
King's Landing,4,3,8
King's Landing,65,3,8
King's Landing,9,3,8
King's Landing,11,3,8
King's Landing,34,3,8
King's Landing,5,3,8
King's Landing,15,3,8
King's Landing,32,3,8
King's Landing,112,3,8
King's Landing,5,3,8
King's Landing,244,3,8
Outside Yunkai,12,3,8
Outside Yunkai,19,3,8
Outside Yunkai,48,3,8
Outside Yunkai,62,3,8
Outside Yunkai,5,3,8
Outside Yunkai,103,3,8
King's Landing,53,3,8
Destroyed Cabin,293,3,8
Destroyed Cabin,34,3,8
Destroyed Cabin,19,3,8
Destroyed Cabin,63,3,8
Destroyed Cabin,16,3,8
The Twins,116,3,9
The Twins,22,3,9
The Twins,307,3,9
Outside Yunkai,9,3,9
Outside Yunkai,93,3,9
Outside Yunkai,20,3,9
Near Nightfort,98,3,9
To The Twins,105,3,9
The Gift,59,3,9
The Gift,9,3,9
The Gift,88,3,9
The Gift,5,3,9
The Gift,13,3,9
The Gift,7,3,9
To The Twins,149,3,9
The Gift,97,3,9
The Gift,4,3,9
The Gift,14,3,9
The Gift,5,3,9
The Gift,32,3,9
The Gift,55,3,9
The Gift,4,3,9
The Gift,18,3,9
The Gift,23,3,9
The Gift,42,3,9
The Gift,26,3,9
The Gift,18,3,9
The Gift,13,3,9
The Gift,42,3,9
The Gift,20,3,9
The Twins,16,3,9
The Twins,157,3,9
The Gift,191,3,9
The Gift,9,3,9
Outside Yunkai,3,3,9
The Twins,37,3,9
The Twins,50,3,9
The Twins,7,3,9
The Twins,38,3,9
The Twins,57,3,9
The Twins,40,3,9
The Twins,7,3,9
The Twins,18,3,9
The Twins,57,3,9
The Twins,12,3,9
The Twins,32,3,9
The Twins,9,3,9
The Twins,23,3,9
The Twins,23,3,9
The Twins,7,3,9
The Twins,42,3,9
The Twins,20,3,9
The Twins,10,3,9
The Twins,6,3,9
The Twins,3,3,9
The Twins,35,3,9
The Twins,41,3,9
The Twins,24,3,9
The Twins,11,3,9
The Twins,28,3,9
The Twins,86,3,9
The Twins,18,3,9
The Twins,29,3,9
The Twins,18,3,10
The Twins,20,3,10
The Twins,15,3,10
The Twins,21,3,10
The Twins,15,3,10
King's Landing,23,3,10
King's Landing,80,3,10
King's Landing,9,3,10
King's Landing,200,3,10
King's Landing,18,3,10
King's Landing,206,3,10
King's Landing,34,3,10
Nightfort,15,3,10
Nightfort,103,3,10
The Twins,140,3,10
The Dreadfort,218,3,10
Nightfort,48,3,10
Nightfort,131,3,10
Pyke,7,3,10
Pyke,163,3,10
Pyke,26,3,10
Nightfort,117,3,10
Dragonstone,205,3,10
King's Landing,175,3,10
King's Landing,21,3,10
King's Landing,7,3,10
King's Landing,175,3,10
Away from the Twins,130,3,10
The Gift,106,3,10
Castle Black,5,3,10
Castle Black,167,3,10
Dragonstone,110,3,10
Dragonstone,151,3,10
Dragonstone,17,3,10
Dragonstone,74,3,10
Castle Black,13,3,10
Castle Black,41,3,10
King's Landing,9,3,10
King's Landing,20,3,10
King's Landing,16,3,10
King's Landing,45,3,10
Dragonstone,171,3,10
King's Landing,100,4,1
King's Landing,173,4,1
King's Landing,93,4,1
King's Landing,83,4,1
King's Landing,106,4,1
King's Landing,59,4,1
King's Landing,104,4,1
King's Landing,10,4,1
King's Landing,38,4,1
King's Landing,11,4,1
King's Landing,126,4,1
Outside Meereen,24,4,1
Outside Meereen,46,4,1
Outside Meereen,15,4,1
Outside Meereen,43,4,1
Outside Meereen,21,4,1
Outside Meereen,37,4,1
Outside Meereen,14,4,1
King's Landing,20,4,1
King's Landing,41,4,1
King's Landing,108,4,1
King's Landing,118,4,1
King's Landing,7,4,1
King's Landing,65,4,1
King's Landing,122,4,1
King's Landing,8,4,1
The Gift,67,4,1
The Gift,9,4,1
The Gift,129,4,1
Castle Black,25,4,1
Castle Black,63,4,1
Castle Black,151,4,1
Castle Black,25,4,1
King's Landing,58,4,1
King's Landing,32,4,1
King's Landing,36,4,1
King's Landing,115,4,1
King's Landing,9,4,1
Outside Meereen,4,4,1
Outside Meereen,17,4,1
Outside Meereen,34,4,1
Outside Meereen,61,4,1
Outside Meereen,7,4,1
Outside Meereen,43,4,1
King's Landing,11,4,1
King's Landing,58,4,1
King's Landing,42,4,1
King's Landing,92,4,1
To The Eyrie,91,4,1
To The Eyrie,42,4,1
To The Eyrie,18,4,1
To The Eyrie,65,4,1
To The Eyrie,30,4,1
To The Eyrie,287,4,1
To The Eyrie,55,4,1
To The Eyrie,27,4,1
The Dreadfort,141,4,2
King's Landing,45,4,2
King's Landing,56,4,2
King's Landing,95,4,2
The Dreadfort,16,4,2
The Dreadfort,36,4,2
The Dreadfort,12,4,2
The Dreadfort,10,4,2
The Dreadfort,295,4,2
King's Landing,63,4,2
King's Landing,19,4,2
King's Landing,21,4,2
King's Landing,41,4,2
King's Landing,2,4,2
King's Landing,42,4,2
King's Landing,2,4,2
King's Landing,25,4,2
King's Landing,3,4,2
King's Landing,9,4,2
King's Landing,115,4,2
King's Landing,26,4,2
King's Landing,13,4,2
Dragonstone,33,4,2
Dragonstone,20,4,2
Dragonstone,24,4,2
Dragonstone,15,4,2
Dragonstone,102,4,2
Dragonstone,86,4,2
The Haunted Forest,35,4,2
The Haunted Forest,66,4,2
The Haunted Forest,17,4,2
The Haunted Forest,10,4,2
The Haunted Forest,41,4,2
The Haunted Forest,34,4,2
The Haunted Forest,13,4,2
King's Landing,5,4,2
King's Landing,38,4,2
King's Landing,7,4,2
King's Landing,3,4,2
King's Landing,5,4,2
King's Landing,3,4,2
King's Landing,5,4,2
King's Landing,11,4,2
King's Landing,11,4,2
King's Landing,7,4,2
King's Landing,6,4,2
King's Landing,6,4,2
King's Landing,12,4,2
King's Landing,13,4,2
King's Landing,35,4,2
King's Landing,43,4,2
King's Landing,15,4,2
King's Landing,14,4,2
King's Landing,16,4,2
King's Landing,2,4,2
King's Landing,3,4,2
King's Landing,19,4,2
King's Landing,7,4,2
King's Landing,7,4,2
King's Landing,2,4,2
King's Landing,14,4,2
King's Landing,3,4,2
King's Landing,6,4,2
King's Landing,9,4,2
King's Landing,38,4,2
King's Landing,14,4,2
King's Landing,54,4,2
King's Landing,45,4,2
King's Landing,7,4,2
King's Landing,63,4,2
King's Landing,5,4,2
King's Landing,59,4,2
King's Landing,27,4,2
King's Landing,90,4,2
King's Landing,33,4,2
King's Landing,272,4,2
King's Landing,61,4,2
King's Landing,167,4,2
King's Landing,21,4,2
King's Landing,2,4,2
King's Landing,65,4,2
King's Landing,27,4,2
King's Landing,12,4,3
King's Landing,6,4,3
King's Landing,3,4,3
King's Landing,5,4,3
King's Landing,4,4,3
King's Landing,42,4,3
Blackwater Bay,52,4,3
Blackwater Bay,41,4,3
Blackwater Bay,24,4,3
Blackwater Bay,59,4,3
Blackwater Bay,12,4,3
King's Landing,99,4,3
King's Landing,104,4,3
King's Landing,5,4,3
King's Landing,132,4,3
King's Landing,29,4,3
King's Landing,11,4,3
King's Landing,186,4,3
To The Eyrie,63,4,3
To The Eyrie,64,4,3
To The Eyrie,190,4,3
To The Eyrie,26,4,3
To The Eyrie,38,4,3
Castle Black,22,4,3
Castle Black,171,4,3
Castle Black,25,4,3
Dragonstone,110,4,3
Dragonstone,127,4,3
Mole's Town,15,4,3
Mole's Town,67,4,3
Mole's Town,65,4,3
Mole's Town,4,4,3
King's Landing,122,4,3
King's Landing,26,4,3
King's Landing,228,4,3
King's Landing,302,4,3
The Gift,14,4,3
The Gift,12,4,3
The Gift,14,4,3
The Gift,57,4,3
The Gift,32,4,3
Castle Black,79,4,3
Castle Black,13,4,3
Castle Black,70,4,3
King's Landing,132,4,4
King's Landing,161,4,4
To The Vale,182,4,4
King's Landing,144,4,4
Castle Black,17,4,4
Castle Black,86,4,4
Castle Black,47,4,4
Castle Black,37,4,4
Castle Black,59,4,4
Castle Black,7,4,4
King's Landing,154,4,4
King's Landing,38,4,4
King's Landing,178,4,4
King's Landing,135,4,4
King's Landing,131,4,4
Castle Black,81,4,4
Castle Black,8,4,4
Castle Black,24,4,4
Castle Black,154,4,4
Craster's Keep,141,4,4
Craster's Keep,86,4,4
Craster's Keep,64,4,4
Craster's Keep,74,4,4
Craster's Keep,49,4,4
Craster's Keep,24,4,4
Craster's Keep,16,4,4
Craster's Keep,44,4,4
Craster's Keep,13,4,4
Craster's Keep,26,4,4
Craster's Keep,154,4,4
The Lands of Always Winter,96,4,4
The Lands of Always Winter,52,4,4
King's Landing,59,4,5
King's Landing,44,4,5
King's Landing,42,4,5
King's Landing,51,4,5
King's Landing,8,4,5
King's Landing,48,4,5
King's Landing,9,4,5
King's Landing,5,4,5
King's Landing,13,4,5
King's Landing,6,4,5
The Eyrie,89,4,5
The Eyrie,34,4,5
The Eyrie,154,4,5
The Eyrie,125,4,5
The Eyrie,22,4,5
King's Landing,213,4,5
To The Eyrie,100,4,5
The Eyrie,195,4,5
The Kingsroad,90,4,5
To The Eyrie,14,4,5
To The Eyrie,33,4,5
To The Eyrie,107,4,5
King's Landing,200,4,5
The Kingsroad,159,4,5
Craster's Keep,24,4,5
Craster's Keep,39,4,5
Craster's Keep,60,4,5
Craster's Keep,26,4,5
Craster's Keep,46,4,5
Craster's Keep,60,4,5
Craster's Keep,157,4,5
Craster's Keep,4,4,5
Craster's Keep,29,4,5
Craster's Keep,37,4,5
Craster's Keep,10,4,5
Craster's Keep,25,4,5
Craster's Keep,12,4,5
Craster's Keep,39,4,5
Craster's Keep,11,4,5
Craster's Keep,12,4,5
Craster's Keep,40,4,5
Craster's Keep,84,4,5
Craster's Keep,31,4,5
Craster's Keep,22,4,5
Craster's Keep,34,4,5
Craster's Keep,38,4,5
Craster's Keep,79,4,5
Craster's Keep,38,4,5
The Dreadfort,22,4,6
The Dreadfort,11,4,6
The Dreadfort,6,4,6
The Dreadfort,12,4,6
The Dreadfort,13,4,6
The Dreadfort,5,4,6
The Dreadfort,7,4,6
The Dreadfort,4,4,6
The Dreadfort,36,4,6
The Dreadfort,30,4,6
The Dreadfort,54,4,6
The Dreadfort,82,4,6
The Dreadfort,11,4,6
The Dreadfort,217,4,6
Outside Meereen,64,4,6
King's Landing,19,4,6
King's Landing,148,4,6
King's Landing,145,4,6
King's Landing,48,4,6
King's Landing,112,4,6
King's Landing,52,4,6
King's Landing,48,4,6
King's Landing,103,4,6
King's Landing,75,4,6
King's Landing,82,4,6
King's Landing,34,4,6
King's Landing,137,4,6
King's Landing,78,4,6
King's Landing,267,4,6
King's Landing,112,4,6
King's Landing,182,4,7
King's Landing,60,4,7
To The Eyrie,36,4,7
To The Eyrie,186,4,7
To The Eyrie,7,4,7
To The Eyrie,55,4,7
To The Eyrie,9,4,7
Castle Black,18,4,7
Castle Black,34,4,7
Castle Black,118,4,7
King's Landing,268,4,7
Dragonstone,237,4,7
To The Eyrie,193,4,7
Crossroads Inn,124,4,7
Crossroads Inn,42,4,7
Crossroads Inn,87,4,7
Crossroads Inn,62,4,7
King's Landing,300,4,7
The Eyrie,41,4,7
The Eyrie,126,4,7
The Eyrie,88,4,7
The Eyrie,39,4,7
The Eyrie,112,4,7
The Eyrie,92,4,7
Mole's Town,141,4,8
Mole's Town,32,4,8
Mole's Town,47,4,8
Mole's Town,17,4,8
Castle Black,111,4,8
Moat Cailin,79,4,8
Moat Cailin,58,4,8
Moat Cailin,139,4,8
Moat Cailin,20,4,8
Moat Cailin,31,4,8
The Eyrie,117,4,8
The Eyrie,275,4,8
The Eyrie,106,4,8
Moat Cailin,135,4,8
Outside Winterfell,44,4,8
The Eyrie,79,4,8
The Eyrie,89,4,8
The Eyrie,39,4,8
The Eyrie,42,4,8
The Eyrie,25,4,8
King's Landing,345,4,8
King's Landing,17,4,8
King's Landing,5,4,8
King's Landing,23,4,8
King's Landing,21,4,8
King's Landing,246,4,8
King's Landing,28,4,8
Castle Black,199,4,9
Castle Black,11,4,9
Outside Castle Black,140,4,9
Outside Castle Black,9,4,9
Castle Black,220,4,9
Castle Black,90,4,9
Castle Black,4,4,9
Outside Castle Black,21,4,9
Castle Black,93,4,9
Castle Black,12,4,9
Castle Black,19,4,9
Castle Black,72,4,9
Castle Black,97,4,9
Castle Black,108,4,9
Outside Castle Black,11,4,9
Castle Black,29,4,9
Castle Black,23,4,9
The Wall,26,4,9
Castle Black,16,4,9
The Wall,23,4,9
Castle Black,37,4,9
Castle Black,24,4,9
Castle Black,21,4,9
The Wall,17,4,9
Castle Black,3,4,9
Castle Black,45,4,9
Castle Black,36,4,9
Castle Black,44,4,9
The Wall,15,4,9
Castle Black,45,4,9
Castle Black,19,4,9
The Wall,13,4,9
Castle Black,38,4,9
The Wall,11,4,9
Castle Black,3,4,9
The Wall,1,4,9
Castle Black,4,4,9
Castle Black,41,4,9
Castle Black,50,4,9
Castle Black,20,4,9
Castle Black,46,4,9
The Wall,2,4,9
Castle Black,16,4,9
The Wall,5,4,9
Castle Black,3,4,9
The Wall,18,4,9
Castle Black,10,4,9
The Wall,49,4,9
Castle Black,29,4,9
Castle Black,8,4,9
Castle Black,54,4,9
Castle Black,25,4,9
Castle Black,26,4,9
Castle Black,20,4,9
Castle Black,37,4,9
The Wall,6,4,9
Castle Black,7,4,9
The Wall,12,4,9
Castle Black,9,4,9
The Wall,5,4,9
The Wall,6,4,9
Castle Black,14,4,9
The Wall,14,4,9
Castle Black,49,4,9
Castle Black,5,4,9
The Wall,2,4,9
Castle Black,9,4,9
The Wall,3,4,9
Castle Black,3,4,9
The Wall,3,4,9
Castle Black,40,4,9
Castle Black,24,4,9
Castle Black,62,4,9
Castle Black,19,4,9
Castle Black,84,4,9
Castle Black,29,4,9
Castle Black,73,4,9
The Wall,3,4,9
Castle Black,15,4,9
The Wall,14,4,9
Castle Black,25,4,9
Castle Black,40,4,9
Castle Black,24,4,9
Castle Black,108,4,9
Castle Black,55,4,9
Castle Black,79,4,9
The Wall,35,4,10
Castle Black,8,4,10
The Haunted Forest,31,4,10
The Haunted Forest,30,4,10
The Haunted Forest,284,4,10
The Wall,108,4,10
The Wall,156,4,10
The Wall,16,4,10
King's Landing,73,4,10
King's Landing,41,4,10
King's Landing,14,4,10
King's Landing,180,4,10
King's Landing,115,4,10
Castle Black,38,4,10
Castle Black,62,4,10
Castle Black,105,4,10
The Wall,5,4,10
The Haunted Forest,73,4,10
Outside the Three-Eyed Raven,102,4,10
The Three-Eyed Raven,153,4,10
The Three-Eyed Raven,65,4,10
The Three-Eyed Raven,43,4,10
The Three-Eyed Raven,68,4,10
The Three-Eyed Raven,82,4,10
To The Eyrie,49,4,10
To The Eyrie,83,4,10
To The Eyrie,154,4,10
To The Eyrie,150,4,10
To The Eyrie,18,4,10
To The Eyrie,248,4,10
King's Landing,83,4,10
King's Landing,39,4,10
King's Landing,150,4,10
King's Landing,23,4,10
King's Landing,171,4,10
King's Landing,31,4,10
King's Landing,51,4,10
Coast of the Vale,38,4,10
Coast of the Vale,61,4,10
Coast of the Vale,58,4,10
Outside Casterly Rock,97,5,1
Outside Casterly Rock,153,5,1
King's Landing,59,5,1
King's Landing,136,5,1
Castle Black,48,5,1
Castle Black,56,5,1
Castle Black,10,5,1
Castle Black,54,5,1
Castle Black,134,5,1
Runestone,55,5,1
Runestone,19,5,1
To The Eyrie,92,5,1
To The Eyrie,46,5,1
To The Eyrie,7,5,1
King's Landing,33,5,1
King's Landing,15,5,1
King's Landing,16,5,1
King's Landing,25,5,1
King's Landing,93,5,1
King's Landing,54,5,1
King's Landing,57,5,1
King's Landing,52,5,1
Castle Black,7,5,1
Castle Black,264,5,1
Castle Black,122,5,1
Castle Black,4,5,1
Castle Black,88,5,1
Castle Black,17,5,1
Castle Black,23,5,1
Castle Black,11,5,1
Castle Black,13,5,1
Castle Black,12,5,1
Castle Black,6,5,1
Inn,9,5,2
Inn,80,5,2
Inn,179,5,2
Inn,19,5,2
Outside the Inn,171,5,2
King's Landing,145,5,2
Castle Stokeworth,89,5,2
Castle Stokeworth,33,5,2
Castle Stokeworth,51,5,2
The Water Gardens,29,5,2
The Water Gardens,63,5,2
The Water Gardens,4,5,2
The Water Gardens,42,5,2
The Water Gardens,7,5,2
Pentos to Volantis,146,5,2
King's Landing,35,5,2
King's Landing,178,5,2
Castle Black,139,5,2
Castle Black,13,5,2
Castle Black,29,5,2
Castle Black,141,5,2
Castle Black,41,5,2
Castle Black,233,5,2
Castle Black,69,5,2
King's Landing,13,5,3
King's Landing,21,5,3
King's Landing,33,5,3
King's Landing,180,5,3
King's Landing,68,5,3
King's Landing,110,5,3
Winterfell,5,5,3
Winterfell,57,5,3
Winterfell,105,5,3
Moat Cailin,185,5,3
Moat Cailin,26,5,3
Moat Cailin,313,5,3
Castle Black,156,5,3
Castle Black,104,5,3
Winterfell,62,5,3
Winterfell,30,5,3
Castle Black,178,5,3
Castle Black,108,5,3
Castle Black,6,5,3
King's Landing,41,5,3
King's Landing,4,5,3
King's Landing,22,5,3
King's Landing,24,5,3
King's Landing,87,5,3
King's Landing,16,5,3
King's Landing,169,5,3
King's Landing,11,5,3
King's Landing,44,5,3
King's Landing,9,5,3
Winterfell,21,5,3
Winterfell,4,5,3
Winterfell,18,5,3
Winterfell,30,5,3
Winterfell,128,5,3
Tarth,25,5,4
Tarth,144,5,4
King's Landing,61,5,4
King's Landing,27,5,4
King's Landing,6,5,4
King's Landing,118,5,4
King's Landing,66,5,4
King's Landing,21,5,4
King's Landing,19,5,4
King's Landing,11,5,4
King's Landing,33,5,4
King's Landing,60,5,4
King's Landing,48,5,4
King's Landing,75,5,4
King's Landing,57,5,4
Castle Black,33,5,4
Castle Black,16,5,4
Castle Black,38,5,4
Castle Black,3,5,4
Castle Black,76,5,4
Castle Black,17,5,4
Castle Black,178,5,4
Castle Black,189,5,4
Winterfell,46,5,4
Winterfell,270,5,4
Volantis to Valyria,207,5,4
Castle Black,41,5,5
Castle Black,44,5,5
Castle Black,53,5,5
Castle Black,232,5,5
Castle Black,91,5,5
Castle Black,17,5,5
Castle Black,89,5,5
Winter Town,10,5,5
Winter Town,44,5,5
Winter Town,82,5,5
Winterfell,143,5,5
Winterfell,35,5,5
Winterfell,10,5,5
Winterfell,15,5,5
Winterfell,86,5,5
Winterfell,28,5,5
Winterfell,37,5,5
Winterfell,44,5,5
Winterfell,128,5,5
Winterfell,72,5,5
Winterfell,217,5,5
Winterfell,172,5,5
Castle Black,91,5,5
Castle Black,12,5,5
Castle Black,85,5,5
Castle Black,63,5,5
Castle Black,8,5,5
Castle Black,13,5,5
Castle Black,50,5,5
Castle Black,42,5,5
Castle Black,42,5,5
Castle Black,16,5,5
Slaver's Bay,172,5,6
Slaver's Bay,113,5,6
Slaver's Bay,8,5,6
Slaver's Bay,178,5,6
King's Landing,72,5,6
King's Landing,234,5,6
The Water Gardens,59,5,6
The Water Gardens,11,5,6
The Water Gardens,22,5,6
The Water Gardens,13,5,6
The Water Gardens,24,5,6
The Water Gardens,23,5,6
The Water Gardens,53,5,6
The Water Gardens,64,5,6
The Water Gardens,59,5,6
The Water Gardens,12,5,6
Outside King's Landing,8,5,6
Outside King's Landing,10,5,6
Outside King's Landing,6,5,6
King's Landing,33,5,6
King's Landing,144,5,6
King's Landing,146,5,6
King's Landing,122,5,6
Winterfell,25,5,6
Winterfell,174,5,6
Winterfell,11,5,6
Winterfell,41,5,6
Winterfell,56,5,6
Winterfell,115,5,6
Winterfell,230,5,6
Castle Black,62,5,7
Castle Black,73,5,7
Castle Black,5,5,7
Castle Black,56,5,7
Winterfell,14,5,7
Winterfell,133,5,7
Winterfell,31,5,7
Winterfell,16,5,7
Winterfell,8,5,7
Castle Black,73,5,7
Castle Black,97,5,7
Winterfell,151,5,7
Winterfell,71,5,7
Stannis Baratheon's Camp,33,5,7
Stannis Baratheon's Camp,93,5,7
Stannis Baratheon's Camp,119,5,7
Castle Black,47,5,7
Castle Black,95,5,7
Castle Black,10,5,7
Castle Black,21,5,7
Castle Black,173,5,7
Outside Meereen,15,5,7
Outside Meereen,142,5,7
King's Landing,5,5,7
King's Landing,199,5,7
King's Landing,14,5,7
King's Landing,190,5,7
The Water Gardens,16,5,7
The Water Gardens,61,5,7
The Water Gardens,224,5,7
King's Landing,28,5,7
King's Landing,111,5,7
King's Landing,149,5,7
King's Landing,8,5,7
King's Landing,231,5,7
King's Landing,11,5,7
King's Landing,29,5,7
King's Landing,32,5,7
King's Landing,51,5,8
King's Landing,142,5,8
King's Landing,25,5,8
Winterfell,170,5,8
Winterfell,66,5,8
King's Landing,55,5,8
King's Landing,18,5,8
Castle Black,48,5,8
Castle Black,31,5,8
Castle Black,103,5,8
Hardhome,37,5,8
Hardhome,58,5,8
Hardhome,94,5,8
Hardhome,13,5,8
Hardhome,380,5,8
Hardhome,91,5,8
Hardhome,32,5,8
Hardhome,75,5,8
Hardhome,8,5,8
Hardhome,22,5,8
Hardhome,49,5,8
Hardhome,9,5,8
Hardhome,9,5,8
Hardhome,9,5,8
Hardhome,26,5,8
Hardhome,18,5,8
Hardhome,3,5,8
Hardhome,7,5,8
Hardhome,58,5,8
Hardhome,63,5,8
Hardhome,25,5,8
Hardhome,92,5,8
Hardhome,43,5,8
Hardhome,83,5,8
Hardhome,18,5,8
Hardhome,60,5,8
Hardhome,67,5,8
Hardhome,10,5,8
Hardhome,24,5,8
Hardhome,6,5,8
Hardhome,53,5,8
Hardhome,13,5,8
Hardhome,6,5,8
Hardhome,18,5,8
Hardhome,41,5,8
Hardhome,37,5,8
Hardhome,10,5,8
Hardhome,38,5,8
Stannis Baratheon's Camp,15,5,9
Stannis Baratheon's Camp,25,5,9
Stannis Baratheon's Camp,15,5,9
Stannis Baratheon's Camp,6,5,9
Stannis Baratheon's Camp,50,5,9
Stannis Baratheon's Camp,25,5,9
The Wall,43,5,9
Castle Black,8,5,9
The Wall,12,5,9
Castle Black,7,5,9
The Wall,4,5,9
Castle Black,9,5,9
The Wall,11,5,9
Castle Black,35,5,9
Castle Black,30,5,9
Castle Black,9,5,9
Castle Black,27,5,9
Stannis Baratheon's Camp,89,5,9
Stannis Baratheon's Camp,21,5,9
Stannis Baratheon's Camp,115,5,9
The Water Gardens,182,5,9
The Water Gardens,42,5,9
The Water Gardens,55,5,9
The Water Gardens,31,5,9
The Water Gardens,43,5,9
The Water Gardens,60,5,9
The Water Gardens,106,5,9
Stannis Baratheon's Camp,173,5,9
Stannis Baratheon's Camp,186,5,9
Stannis Baratheon's Camp,15,5,10
Stannis Baratheon's Camp,29,5,10
Stannis Baratheon's Camp,43,5,10
Stannis Baratheon's Camp,13,5,10
Stannis Baratheon's Camp,66,5,10
Castle Black,223,5,10
Castle Black,29,5,10
Outside Winterfell,38,5,10
Winterfell,16,5,10
Winterfell,28,5,10
Outside Winterfell,17,5,10
Outside Winterfell,28,5,10
Winterfell,10,5,10
Outside Winterfell,21,5,10
Outside Winterfell,27,5,10
Outside Winterfell,18,5,10
Winterfell,10,5,10
Outside Winterfell,18,5,10
Outside Winterfell,12,5,10
Winterfell,4,5,10
Outside Winterfell,5,5,10
Winterfell,5,5,10
The Wolfswood,43,5,10
The Wolfswood,21,5,10
The Wolfswood,28,5,10
The Wolfswood,91,5,10
Outside Winterfell,45,5,10
Outside Winterfell,7,5,10
Winterfell,20,5,10
Winterfell,90,5,10
Winterfell,6,5,10
Winterfell,34,5,10
King's Landing,42,5,10
King's Landing,207,5,10
King's Landing,104,5,10
King's Landing,13,5,10
King's Landing,123,5,10
King's Landing,106,5,10
King's Landing,132,5,10
King's Landing,38,5,10
King's Landing,32,5,10
Castle Black,24,5,10
Castle Black,45,5,10
Castle Black,39,5,10
Castle Black,17,5,10
Castle Black,17,5,10
Castle Black,115,5,10
Castle Black,32,5,10
Castle Black,59,6,1
Castle Black,6,6,1
Castle Black,39,6,1
Castle Black,29,6,1
Castle Black,76,6,1
Castle Black,63,6,1
Castle Black,117,6,1
Castle Black,68,6,1
Winterfell,6,6,1
Winterfell,76,6,1
Winterfell,85,6,1
The Wolfswood,149,6,1
The Wolfswood,55,6,1
The Wolfswood,110,6,1
The Wolfswood,90,6,1
Blackwater Bay,15,6,1
King's Landing,20,6,1
King's Landing,12,6,1
King's Landing,52,6,1
King's Landing,169,6,1
King's Landing,39,6,1
King's Landing,10,6,1
King's Landing,75,6,1
The Water Gardens,42,6,1
The Water Gardens,40,6,1
The Water Gardens,53,6,1
Blackwater Bay,70,6,1
Castle Black,102,6,1
Castle Black,36,6,1
Castle Black,161,6,1
The Three-Eyed Raven,31,6,2
Winterfell,41,6,2
Winterfell,32,6,2
Winterfell,30,6,2
Winterfell,22,6,2
The Three-Eyed Raven,38,6,2
The Three-Eyed Raven,25,6,2
The Three-Eyed Raven,73,6,2
The Three-Eyed Raven,42,6,2
Castle Black,13,6,2
Castle Black,82,6,2
Castle Black,61,6,2
Castle Black,36,6,2
Castle Black,31,6,2
Castle Black,9,6,2
King's Landing,37,6,2
King's Landing,34,6,2
King's Landing,13,6,2
King's Landing,21,6,2
King's Landing,56,6,2
King's Landing,96,6,2
King's Landing,37,6,2
King's Landing,151,6,2
King's Landing,121,6,2
Winterfell,92,6,2
Winterfell,133,6,2
Winterfell,172,6,2
The Wolfswood,20,6,2
The Wolfswood,40,6,2
The Wolfswood,116,6,2
Pyke,98,6,2
Pyke,155,6,2
Pyke,87,6,2
Castle Black,159,6,2
Castle Black,262,6,2
Castle Black,14,6,2
Castle Black,36,6,2
Castle Black,21,6,2
Castle Black,69,6,3
Castle Black,92,6,3
Castle Black,75,6,3
Castle Black,115,6,3
To Horn Hill,229,6,3
Tower of Joy,165,6,3
Tower of Joy,121,6,3
Tower of Joy,37,6,3
The Three-Eyed Raven,70,6,3
King's Landing,65,6,3
King's Landing,20,6,3
King's Landing,79,6,3
King's Landing,13,6,3
King's Landing,116,6,3
King's Landing,15,6,3
King's Landing,228,6,3
Winterfell,10,6,3
Winterfell,120,6,3
Winterfell,49,6,3
Winterfell,27,6,3
Castle Black,19,6,3
Castle Black,22,6,3
Castle Black,152,6,3
Castle Black,33,6,3
Castle Black,40,6,3
Castle Black,67,6,4
Castle Black,32,6,4
Castle Black,50,6,4
Castle Black,180,6,4
Castle Black,49,6,4
Castle Black,50,6,4
Runestone,19,6,4
Runestone,4,6,4
Runestone,161,6,4
Runestone,24,6,4
Runestone,9,6,4
King's Landing,36,6,4
King's Landing,21,6,4
King's Landing,228,6,4
King's Landing,111,6,4
King's Landing,65,6,4
King's Landing,131,6,4
King's Landing,156,6,4
Pyke,33,6,4
Pyke,153,6,4
Winterfell,202,6,4
Castle Black,10,6,4
Castle Black,49,6,4
Castle Black,17,6,4
Castle Black,158,6,4
Castle Black,31,6,5
Mole's Town,254,6,5
The Three-Eyed Raven,10,6,5
The Lands of Always Winter,10,6,5
The Three-Eyed Raven,3,6,5
The Lands of Always Winter,6,6,5
The Three-Eyed Raven,2,6,5
The Lands of Always Winter,6,6,5
The Three-Eyed Raven,5,6,5
The Lands of Always Winter,21,6,5
The Three-Eyed Raven,2,6,5
The Lands of Always Winter,20,6,5
The Three-Eyed Raven,35,6,5
Pyke,148,6,5
Pyke,192,6,5
Pyke,8,6,5
Pyke,5,6,5
Pyke,4,6,5
Pyke,13,6,5
Pyke,7,6,5
Pyke,3,6,5
Pyke,11,6,5
Pyke,5,6,5
Pyke,98,6,5
Pyke,46,6,5
The Three-Eyed Raven,63,6,5
The Lands of Always Winter,114,6,5
The Lands of Always Winter,22,6,5
The Three-Eyed Raven,48,6,5
Castle Black,151,6,5
Castle Black,73,6,5
Castle Black,35,6,5
Castle Black,33,6,5
Castle Black,21,6,5
Castle Black,24,6,5
The Three-Eyed Raven,52,6,5
The Three-Eyed Raven,45,6,5
The Three-Eyed Raven,5,6,5
The Three-Eyed Raven,11,6,5
Winterfell,13,6,5
The Three-Eyed Raven,9,6,5
The Three-Eyed Raven,63,6,5
The Three-Eyed Raven,7,6,5
Winterfell,15,6,5
The Three-Eyed Raven,50,6,5
Winterfell,5,6,5
The Three-Eyed Raven,5,6,5
Winterfell,14,6,5
The Three-Eyed Raven,42,6,5
The Three-Eyed Raven,6,6,5
The Three-Eyed Raven,13,6,5
The Three-Eyed Raven,20,6,5
Winterfell,4,6,5
The Three-Eyed Raven,1,6,5
Winterfell,3,6,5
The Three-Eyed Raven,1,6,5
Winterfell,4,6,5
The Three-Eyed Raven,23,6,5
The Three-Eyed Raven,22,6,5
The Three-Eyed Raven,47,6,5
Winterfell,15,6,5
The Three-Eyed Raven,13,6,5
Winterfell,9,6,5
The Three-Eyed Raven,6,6,5
Winterfell,9,6,5
The Three-Eyed Raven,30,6,5
Winterfell,3,6,5
The Three-Eyed Raven,2,6,5
Winterfell,2,6,5
The Three-Eyed Raven,2,6,5
Winterfell,6,6,5
The Three-Eyed Raven,1,6,5
Winterfell,2,6,5
The Three-Eyed Raven,3,6,5
Winterfell,9,6,5
Outside the Three-Eyed Raven,25,6,6
Outside the Three-Eyed Raven,7,6,6
Outside the Three-Eyed Raven,17,6,6
Outside the Three-Eyed Raven,10,6,6
Outside the Three-Eyed Raven,45,6,6
Outside the Three-Eyed Raven,6,6,6
Outside the Three-Eyed Raven,2,6,6
Outside the Three-Eyed Raven,2,6,6
Outside the Three-Eyed Raven,2,6,6
Outside the Three-Eyed Raven,6,6,6
Outside the Three-Eyed Raven,33,6,6
Outside the Three-Eyed Raven,79,6,6
Horn Hill,8,6,6
Horn Hill,119,6,6
Horn Hill,12,6,6
Horn Hill,12,6,6
Horn Hill,115,6,6
King's Landing,58,6,6
King's Landing,6,6,6
King's Landing,169,6,6
Horn Hill,40,6,6
Horn Hill,360,6,6
Horn Hill,23,6,6
Horn Hill,78,6,6
Horn Hill,29,6,6
Horn Hill,45,6,6
King's Landing,61,6,6
King's Landing,35,6,6
King's Landing,24,6,6
King's Landing,70,6,6
King's Landing,43,6,6
King's Landing,109,6,6
King's Landing,63,6,6
The Twins,125,6,6
The Twins,15,6,6
King's Landing,119,6,6
Outside the Three-Eyed Raven,147,6,6
Village,37,6,7
Village,33,6,7
Village,32,6,7
Village,38,6,7
Village,8,6,7
Village,5,6,7
Village,5,6,7
Village,140,6,7
King's Landing,169,6,7
King's Landing,137,6,7
King's Landing,15,6,7
Stannis Baratheon's Camp,130,6,7
Stannis Baratheon's Camp,35,6,7
Stannis Baratheon's Camp,18,6,7
King's Landing,130,6,7
Riverrun,5,6,7
Riverrun,92,6,7
Riverrun,20,6,7
Riverrun,12,6,7
Riverrun,15,6,7
Riverrun,62,6,7
Riverrun,86,6,7
Riverrun,20,6,7
Bear Island,6,6,7
Bear Island,315,6,7
Riverrun,58,6,7
Riverrun,152,6,7
Deepwood Motte,149,6,7
Stannis Baratheon's Camp,75,6,7
Stannis Baratheon's Camp,23,6,7
Stannis Baratheon's Camp,10,6,7
Stannis Baratheon's Camp,31,6,7
Village,120,6,7
Village,90,6,7
Village,73,6,7
Village,28,6,7
Village,27,6,7
Village,31,6,7
Village,4,6,7
Village,60,6,8
Village,13,6,8
Village,6,6,8
Village,22,6,8
King's Landing,38,6,8
King's Landing,121,6,8
Riverrun,20,6,8
Riverrun,23,6,8
Riverrun,112,6,8
Riverrun,209,6,8
Riverrun,131,6,8
King's Landing,22,6,8
King's Landing,60,6,8
King's Landing,84,6,8
King's Landing,19,6,8
King's Landing,27,6,8
Riverrun,5,6,8
Riverrun,306,6,8
Riverrun,31,6,8
Riverrun,77,6,8
Riverrun,8,6,8
Riverrun,4,6,8
Riverrun,43,6,8
Riverrun,22,6,8
Riverrun,28,6,8
Riverrun,25,6,8
Riverrun,21,6,8
Riverrun,23,6,8
Riverrun,7,6,8
Riverrun,51,6,8
Riverrun,19,6,8
Riverrun,28,6,8
Riverrun,51,6,8
,63,6,8
Forest,162,6,8
Forest,120,6,8
Outside Winterfell,15,6,9
Outside Winterfell,189,6,9
Outside Winterfell,5,6,9
Outside Winterfell,24,6,9
Outside Winterfell,59,6,9
Stannis Baratheon's Camp,90,6,9
Stannis Baratheon's Camp,175,6,9
Stannis Baratheon's Camp,10,6,9
Stannis Baratheon's Camp,113,6,9
Stannis Baratheon's Camp,5,6,9
Stannis Baratheon's Camp,117,6,9
Stannis Baratheon's Camp,88,6,9
Outside Winterfell,16,6,9
Outside Winterfell,23,6,9
Outside Winterfell,37,6,9
Outside Winterfell,40,6,9
Outside Winterfell,23,6,9
Outside Winterfell,46,6,9
Outside Winterfell,16,6,9
Outside Winterfell,40,6,9
Outside Winterfell,14,6,9
Outside Winterfell,87,6,9
Outside Winterfell,47,6,9
Outside Winterfell,61,6,9
Outside Winterfell,44,6,9
Outside Winterfell,7,6,9
Outside Winterfell,30,6,9
Outside Winterfell,58,6,9
Outside Winterfell,9,6,9
Outside Winterfell,9,6,9
Outside Winterfell,38,6,9
Outside Winterfell,10,6,9
Outside Winterfell,16,6,9
Outside Winterfell,25,6,9
Outside Winterfell,139,6,9
Outside Winterfell,14,6,9
Outside Winterfell,33,6,9
Outside Winterfell,16,6,9
Outside Winterfell,123,6,9
Outside Winterfell,40,6,9
Outside Winterfell,29,6,9
Outside Winterfell,8,6,9
Outside Winterfell,14,6,9
Outside Winterfell,43,6,9
Outside Winterfell,25,6,9
Winterfell,34,6,9
Winterfell,6,6,9
Winterfell,43,6,9
Winterfell,33,6,9
Winterfell,60,6,9
Winterfell,31,6,9
Winterfell,10,6,9
Winterfell,21,6,9
Winterfell,7,6,9
Winterfell,16,6,9
Winterfell,15,6,9
Winterfell,212,6,9
King's Landing,65,6,10
King's Landing,18,6,10
King's Landing,16,6,10
King's Landing,44,6,10
King's Landing,8,6,10
King's Landing,6,6,10
King's Landing,7,6,10
King's Landing,8,6,10
King's Landing,22,6,10
King's Landing,14,6,10
King's Landing,240,6,10
King's Landing,10,6,10
King's Landing,24,6,10
King's Landing,5,6,10
King's Landing,11,6,10
King's Landing,4,6,10
King's Landing,10,6,10
King's Landing,4,6,10
King's Landing,11,6,10
King's Landing,4,6,10
King's Landing,19,6,10
King's Landing,9,6,10
King's Landing,16,6,10
King's Landing,47,6,10
King's Landing,5,6,10
King's Landing,9,6,10
King's Landing,5,6,10
King's Landing,23,6,10
King's Landing,9,6,10
King's Landing,16,6,10
King's Landing,48,6,10
King's Landing,14,6,10
King's Landing,22,6,10
King's Landing,5,6,10
King's Landing,4,6,10
King's Landing,13,6,10
King's Landing,39,6,10
King's Landing,23,6,10
King's Landing,12,6,10
King's Landing,3,6,10
King's Landing,20,6,10
King's Landing,4,6,10
King's Landing,4,6,10
King's Landing,3,6,10
King's Landing,7,6,10
King's Landing,4,6,10
King's Landing,8,6,10
King's Landing,8,6,10
King's Landing,6,6,10
King's Landing,10,6,10
King's Landing,26,6,10
King's Landing,9,6,10
King's Landing,177,6,10
King's Landing,52,6,10
King's Landing,54,6,10
The Twins,6,6,10
The Twins,31,6,10
The Twins,30,6,10
The Twins,28,6,10
The Twins,124,6,10
King's Landing,62,6,10
Oldtown,47,6,10
Oldtown,126,6,10
Oldtown,18,6,10
Oldtown,56,6,10
Winterfell,11,6,10
Winterfell,39,6,10
Winterfell,218,6,10
Winterfell,12,6,10
Winterfell,141,6,10
The Water Gardens,83,6,10
The Water Gardens,14,6,10
The Twins,84,6,10
The Twins,53,6,10
Winterfell,164,6,10
The Haunted Forest,89,6,10
The Haunted Forest,43,6,10
Tower of Joy,22,6,10
Tower of Joy,93,6,10
Tower of Joy,39,6,10
Winterfell,246,6,10
Winterfell,33,6,10
King's Landing,25,6,10
King's Landing,128,6,10
The Twins,26,7,1
The Twins,164,7,1
The Twins,42,7,1
South to the Wall,106,7,1
The Wall,14,7,1
The Wall,75,7,1
The Wall,12,7,1
Winterfell,217,7,1
Winterfell,83,7,1
Winterfell,8,7,1
Winterfell,89,7,1
Winterfell,12,7,1
Winterfell,61,7,1
King's Landing,13,7,1
King's Landing,236,7,1
Blackwater Bay,36,7,1
King's Landing,53,7,1
King's Landing,237,7,1
Oldtown,174,7,1
Oldtown,199,7,1
Oldtown,40,7,1
Winterfell,36,7,1
Winterfell,24,7,1
Winterfell,5,7,1
Winterfell,15,7,1
Winterfell,49,7,1
South to King's Landing,249,7,1
To The Eyrie,65,7,1
To The Eyrie,28,7,1
To The Eyrie,77,7,1
To The Eyrie,240,7,1
To The Eyrie,145,7,1
Oldtown,13,7,1
Oldtown,80,7,1
Oldtown,66,7,1
Dragonstone,50,7,1
Dragonstone,136,7,1
Dragonstone,49,7,1
Dragonstone,39,7,1
Dragonstone,60,7,1
Dragonstone,35,7,2
Dragonstone,289,7,2
Dragonstone,195,7,2
Winterfell,17,7,2
Winterfell,68,7,2
King's Landing,5,7,2
King's Landing,91,7,2
King's Landing,33,7,2
King's Landing,102,7,2
Oldtown,105,7,2
Oldtown,28,7,2
King's Landing,109,7,2
Dragonstone,201,7,2
Dragonstone,53,7,2
Dragonstone,8,7,2
Dragonstone,280,7,2
Oldtown,85,7,2
Oldtown,29,7,2
Oldtown,202,7,2
Crossroads Inn,8,7,2
Crossroads Inn,18,7,2
Crossroads Inn,156,7,2
Crossroads Inn,31,7,2
Winterfell,27,7,2
Winterfell,237,7,2
Winterfell,9,7,2
Winterfell,108,7,2
Winterfell,5,7,2
Winterfell,11,7,2
Winterfell,14,7,2
Winterfell,3,7,2
Winterfell,12,7,2
To The Twins,80,7,2
To The Twins,77,7,2
To The Twins,20,7,2
Dragonstone,7,7,3
Dragonstone,94,7,3
Dragonstone,45,7,3
Dragonstone,62,7,3
Dragonstone,36,7,3
Dragonstone,105,7,3
Dragonstone,6,7,3
Dragonstone,561,7,3
Dragonstone,50,7,3
Dragonstone,20,7,3
King's Landing,8,7,3
King's Landing,75,7,3
King's Landing,7,7,3
King's Landing,156,7,3
King's Landing,277,7,3
King's Landing,9,7,3
King's Landing,6,7,3
King's Landing,40,7,3
King's Landing,34,7,3
King's Landing,18,7,3
King's Landing,163,7,3
Dragonstone,231,7,3
Dragonstone,114,7,3
Dragonstone,37,7,3
Dragonstone,77,7,3
Winterfell,8,7,3
Winterfell,62,7,3
Winterfell,16,7,3
Winterfell,79,7,3
Winterfell,10,7,3
Winterfell,34,7,3
Winterfell,120,7,3
Oldtown,71,7,3
Oldtown,78,7,3
Oldtown,106,7,3
Dragonstone,60,7,3
Casterly Rock,12,7,3
Casterly Rock,6,7,3
Casterly Rock,32,7,3
Dragonstone,35,7,3
Casterly Rock,35,7,3
Casterly Rock,13,7,3
Casterly Rock,25,7,3
Casterly Rock,47,7,3
Highgarden,14,7,3
Highgarden,19,7,3
Highgarden,20,7,3
Highgarden,25,7,3
Highgarden,334,7,3
Highgarden,22,7,4
Highgarden,6,7,4
Highgarden,82,7,4
Highgarden,117,7,4
King's Landing,90,7,4
Winterfell,105,7,4
Winterfell,22,7,4
Winterfell,104,7,4
The Kingsroad South to King's Landing,16,7,4
Winterfell,103,7,4
Winterfell,31,7,4
Winterfell,15,7,4
Winterfell,19,7,4
Winterfell,168,7,4
Winterfell,155,7,4
Winterfell,23,7,4
Winterfell,20,7,4
Winterfell,7,7,4
Dragonstone,30,7,4
Dragonstone,11,7,4
Dragonstone,9,7,4
Dragonstone,62,7,4
Dragonstone,184,7,4
Dragonstone,76,7,4
Dragonstone,4,7,4
Dragonstone,37,7,4
Dragonstone,5,7,4
Dragonstone,37,7,4
Dragonstone,3,7,4
Winterfell,19,7,4
Winterfell,31,7,4
Winterfell,8,7,4
Winterfell,150,7,4
Dragonstone,35,7,4
Dragonstone,103,7,4
Dragonstone,10,7,4
Dragonstone,88,7,4
Blackwater Rush,15,7,4
Blackwater Rush,33,7,4
Blackwater Rush,7,7,4
Blackwater Rush,91,7,4
Blackwater Rush,41,7,4
Blackwater Rush,18,7,4
Blackwater Rush,37,7,4
Blackwater Rush,21,7,4
Blackwater Rush,13,7,4
Blackwater Rush,4,7,4
Blackwater Rush,72,7,4
Blackwater Rush,3,7,4
Blackwater Rush,22,7,4
Blackwater Rush,2,7,4
Blackwater Rush,20,7,4
Blackwater Rush,2,7,4
Blackwater Rush,4,7,4
Blackwater Rush,12,7,4
Blackwater Rush,40,7,4
Blackwater Rush,10,7,4
Blackwater Rush,15,7,4
Blackwater Rush,2,7,4
Blackwater Rush,8,7,4
Blackwater Rush,10,7,4
Blackwater Rush,5,7,4
Blackwater Rush,72,7,4
Blackwater Rush,41,7,4
Blackwater Rush,5,7,4
Blackwater Rush,11,7,4
Blackwater Rush,6,7,4
Blackwater Rush,7,7,4
Blackwater Rush,7,7,4
Blackwater Rush,1,7,4
Blackwater Rush,17,7,4
Blackwater Rush,27,7,4
Blackwater Rush,14,7,4
Blackwater Rush,21,7,4
Blackwater Rush,21,7,4
Blackwater Rush,3,7,4
Blackwater Rush,8,7,4
Blackwater Rush,25,7,4
Blackwater Rush,14,7,4
Blackwater Rush,13,7,4
Blackwater Rush,8,7,4
Blackwater Rush,13,7,4
Blackwater Rush,7,7,4
Blackwater Rush,3,7,4
Blackwater Rush,3,7,4
Blackwater Rush,19,7,4
Blackwater Rush,106,7,5
Blackwater Rush,5,7,5
Blackwater Rush,43,7,5
Blackwater Rush,9,7,5
Blackwater Rush,3,7,5
Blackwater Rush,280,7,5
Blackwater Rush,32,7,5
King's Landing,11,7,5
King's Landing,149,7,5
Dragonstone,118,7,5
Dragonstone,27,7,5
Dragonstone,53,7,5
Dragonstone,67,7,5
Winterfell,12,7,5
North to the Wall,13,7,5
Eastwatch,6,7,5
The Wall,7,7,5
South to the Wall,32,7,5
South to the Wall,6,7,5
Winterfell,12,7,5
Oldtown,163,7,5
Oldtown,18,7,5
Dragonstone,102,7,5
Dragonstone,216,7,5
Winterfell,50,7,5
Winterfell,128,7,5
King's Landing,40,7,5
King's Landing,27,7,5
King's Landing,13,7,5
King's Landing,103,7,5
King's Landing,144,7,5
King's Landing,126,7,5
King's Landing,63,7,5
King's Landing,16,7,5
King's Landing,159,7,5
Dragonstone,20,7,5
Dragonstone,104,7,5
Dragonstone,38,7,5
Dragonstone,23,7,5
Dragonstone,62,7,5
Oldtown,108,7,5
Oldtown,52,7,5
Oldtown,42,7,5
Winterfell,36,7,5
Winterfell,20,7,5
Winterfell,48,7,5
Winterfell,23,7,5
Winterfell,85,7,5
Winterfell,19,7,5
Eastwatch,19,7,5
Eastwatch,55,7,5
Eastwatch,141,7,5
Eastwatch,45,7,5
The Wall,17,7,5
Dragonstone,14,7,6
The Haunted Forest,105,7,6
The Haunted Forest,76,7,6
The Haunted Forest,62,7,6
The Haunted Forest,82,7,6
Winterfell,11,7,6
Winterfell,324,7,6
The Haunted Forest,15,7,6
The Haunted Forest,53,7,6
The Haunted Forest,17,7,6
The Haunted Forest,28,7,6
The Haunted Forest,18,7,6
The Haunted Forest,39,7,6
The Haunted Forest,61,7,6
The Haunted Forest,27,7,6
Dragonstone,305,7,6
The Haunted Forest,156,7,6
The Haunted Forest,12,7,6
The Haunted Forest,95,7,6
Winterfell,117,7,6
The Haunted Forest,7,7,6
The Haunted Forest,47,7,6
The Haunted Forest,13,7,6
The Haunted Forest,29,7,6
The Haunted Forest,13,7,6
The Haunted Forest,31,7,6
The Haunted Forest,24,7,6
The Haunted Forest,97,7,6
The Haunted Forest,104,7,6
The Haunted Forest,19,7,6
The Haunted Forest,14,7,6
The Haunted Forest,27,7,6
The Wall,24,7,6
Eastwatch,3,7,6
The Wall,18,7,6
The Haunted Forest,6,7,6
The Haunted Forest,126,7,6
The Haunted Forest,58,7,6
The Haunted Forest,51,7,6
Winterfell,27,7,6
Winterfell,105,7,6
Dragonstone,66,7,6
The Haunted Forest,143,7,6
The Haunted Forest,216,7,6
The Haunted Forest,68,7,6
The Haunted Forest,8,7,6
The Haunted Forest,40,7,6
The Haunted Forest,43,7,6
The Haunted Forest,52,7,6
The Haunted Forest,18,7,6
The Haunted Forest,30,7,6
The Haunted Forest,12,7,6
The Haunted Forest,9,7,6
The Haunted Forest,75,7,6
The Haunted Forest,36,7,6
The Haunted Forest,10,7,6
The Haunted Forest,6,7,6
The Haunted Forest,11,7,6
The Haunted Forest,15,7,6
Eastwatch,36,7,6
Eastwatch,10,7,6
Eastwatch,15,7,6
Eastwatch,14,7,6
The Wall,8,7,6
Eastwatch,22,7,6
The Wall,5,7,6
Eastwatch,3,7,6
Eastwatch,4,7,6
Eastwatch,32,7,6
Winterfell,48,7,6
Winterfell,188,7,6
The Haunted Forest,44,7,6
The Haunted Forest,43,7,6
King's Landing,20,7,7
King's Landing,8,7,7
King's Landing,4,7,7
King's Landing,5,7,7
King's Landing,7,7,7
King's Landing,11,7,7
King's Landing,19,7,7
King's Landing,52,7,7
King's Landing,10,7,7
King's Landing,2,7,7
King's Landing,8,7,7
King's Landing,2,7,7
King's Landing,11,7,7
King's Landing,11,7,7
Blackwater Bay,10,7,7
Blackwater Bay,8,7,7
Blackwater Bay,24,7,7
Blackwater Bay,35,7,7
King's Landing,4,7,7
King's Landing,36,7,7
Outside King's Landing,34,7,7
Outside King's Landing,47,7,7
Outside King's Landing,19,7,7
Outside King's Landing,3,7,7
Outside King's Landing,53,7,7
Outside King's Landing,81,7,7
Outside King's Landing,11,7,7
Outside King's Landing,69,7,7
Outside King's Landing,38,7,7
Outside King's Landing,93,7,7
Outside King's Landing,30,7,7
Outside King's Landing,72,7,7
Outside King's Landing,216,7,7
Outside King's Landing,268,7,7
Outside King's Landing,157,7,7
Outside King's Landing,128,7,7
King's Landing,20,7,7
King's Landing,76,7,7
King's Landing,322,7,7
Outside King's Landing,162,7,7
Outside King's Landing,19,7,7
Outside King's Landing,67,7,7
Outside Winterfell,8,7,7
Winterfell,209,7,7
Dragonstone,5,7,7
Dragonstone,79,7,7
Dragonstone,24,7,7
Dragonstone,206,7,7
Dragonstone,253,7,7
Dragonstone,7,7,7
Winterfell,28,7,7
Winterfell,340,7,7
King's Landing,29,7,7
King's Landing,19,7,7
King's Landing,178,7,7
King's Landing,93,7,7
Outside King's Landing,40,7,7
Outside King's Landing,10,7,7
King's Landing,25,7,7
Winterfell,7,7,7
Winterfell,8,7,7
Winterfell,141,7,7
Tower of Joy,20,7,7
Winterfell,115,7,7
Winterfell,24,7,7
Eastwatch,26,7,7
Eastwatch,33,7,7
The Wall,3,7,7
Eastwatch,3,7,7
The Wall,3,7,7
Eastwatch,4,7,7
The Wall,22,7,7
Eastwatch,7,7,7
The Wall,16,7,7
Eastwatch,2,7,7
The Wall,7,7,7
Eastwatch,12,7,7
The Wall,6,7,7
Eastwatch,5,7,7
The Wall,12,7,7
Eastwatch,8,7,7
The Wall,6,7,7
Eastwatch,10,7,7
The Wall,8,7,7
Eastwatch,8,7,7
The Wall,8,7,7
Eastwatch,9,7,7
The Wall,12,7,7
Eastwatch,8,7,7
The Wall,5,7,7
Eastwatch,8,7,7
The Wall,16,7,7
The Wall,12,7,7
Eastwatch,12,7,7
Eastwatch,5,7,7
Eastwatch,26,7,7
Eastwatch,1,7,7
Outside Winterfell,11,8,1
Winter Town,19,8,1
Winter Town,6,8,1
Winter Town,38,8,1
Winter Town,23,8,1
Winter Town,23,8,1
Winter Town,9,8,1
Winter Town,8,8,1
Winter Town,9,8,1
Winter Town,23,8,1
Winter Town,19,8,1
Winter Town,18,8,1
Winter Town,9,8,1
Winter Town,4,8,1
Winter Town,3,8,1
Winter Town,5,8,1
Winterfell,11,8,1
Winterfell,9,8,1
Winterfell,16,8,1
Winterfell,30,8,1
Winterfell,20,8,1
Winterfell,41,8,1
Winterfell,41,8,1
Winterfell,6,8,1
Winterfell,140,8,1
Winterfell,20,8,1
Winterfell,6,8,1
Winterfell,27,8,1
Winterfell,99,8,1
Winterfell,4,8,1
Winterfell,7,8,1
Winterfell,10,8,1
Winterfell,119,8,1
King's Landing,32,8,1
Blackwater Bay,18,8,1
Blackwater Bay,84,8,1
King's Landing,53,8,1
King's Landing,109,8,1
King's Landing,40,8,1
King's Landing,34,8,1
King's Landing,51,8,1
King's Landing,4,8,1
King's Landing,35,8,1
King's Landing,100,8,1
Blackwater Bay,12,8,1
Blackwater Bay,11,8,1
Blackwater Bay,8,8,1
Blackwater Bay,42,8,1
Winterfell,23,8,1
Winterfell,7,8,1
Winterfell,42,8,1
Winterfell,22,8,1
Winterfell,6,8,1
Winterfell,14,8,1
Winterfell,6,8,1
Winterfell,4,8,1
Winterfell,35,8,1
Winterfell,23,8,1
Winterfell,95,8,1
Winterfell,13,8,1
Winterfell,3,8,1
Outside Winterfell,81,8,1
Outside Winterfell,16,8,1
Outside Winterfell,30,8,1
Outside Winterfell,18,8,1
Winterfell,16,8,1
Winterfell,19,8,1
Winterfell,44,8,1
Winterfell,70,8,1
Winterfell,8,8,1
Winterfell,104,8,1
Winterfell,9,8,1
Winterfell,144,8,1
Winterfell,7,8,1
Winterfell,49,8,1
Winterfell,21,8,1
Winterfell,227,8,1
Last Hearth,5,8,1
Last Hearth,116,8,1
Last Hearth,20,8,1
Last Hearth,27,8,1
Last Hearth,61,8,1
Winter Town,14,8,1
Winterfell,41,8,1
Winterfell,19,8,1
Winterfell,247,8,2
Winterfell,26,8,2
Winterfell,9,8,2
Winterfell,5,8,2
Winterfell,10,8,2
Winterfell,6,8,2
Winterfell,18,8,2
Winterfell,11,8,2
Winterfell,27,8,2
Winterfell,136,8,2
Winterfell,82,8,2
Winterfell,24,8,2
Winterfell,87,8,2
Winterfell,55,8,2
Winterfell,5,8,2
Winterfell,10,8,2
Winterfell,10,8,2
Winterfell,5,8,2
Winterfell,24,8,2
Winterfell,77,8,2
Winterfell,80,8,2
Winterfell,34,8,2
Winterfell,206,8,2
Winterfell,6,8,2
Winterfell,64,8,2
Winterfell,3,8,2
Winterfell,41,8,2
Winterfell,11,8,2
Winterfell,54,8,2
Winterfell,5,8,2
Winterfell,4,8,2
Winterfell,16,8,2
Winterfell,54,8,2
Winterfell,5,8,2
Winterfell,6,8,2
Winterfell,5,8,2
Winterfell,4,8,2
Winterfell,10,8,2
Winterfell,187,8,2
Winterfell,3,8,2
Winterfell,5,8,2
Winterfell,32,8,2
Winterfell,13,8,2
Winterfell,11,8,2
Winterfell,73,8,2
Winterfell,37,8,2
Winterfell,92,8,2
Winterfell,81,8,2
Winterfell,49,8,2
Winterfell,109,8,2
Winterfell,82,8,2
Winterfell,80,8,2
Winterfell,5,8,2
Winterfell,27,8,2
Winterfell,48,8,2
Winterfell,104,8,2
Winterfell,250,8,2
Winterfell,45,8,2
Winterfell,93,8,2
Winterfell,57,8,2
Winterfell,4,8,2
Winterfell,14,8,2
Winterfell,7,8,2
Winterfell,19,8,2
Winterfell,8,8,2
Winterfell,200,8,2
Winterfell,19,8,2
Winterfell,14,8,2
Outside Winterfell,27,8,2
Winterfell,41,8,3
Winterfell,4,8,3
Winterfell,4,8,3
Winterfell,27,8,3
Winterfell,5,8,3
Winterfell,4,8,3
Winterfell,7,8,3
Winterfell,11,8,3
Winterfell,16,8,3
Winterfell,7,8,3
Winterfell,3,8,3
Winterfell,11,8,3
Winterfell,4,8,3
Winterfell,15,8,3
Winterfell,11,8,3
Winterfell,11,8,3
Winterfell,6,8,3
Winterfell,4,8,3
Winterfell,20,8,3
Winterfell,7,8,3
Winterfell,8,8,3
Winterfell,6,8,3
Winterfell,4,8,3
Winterfell,25,8,3
Winterfell,10,8,3
Winterfell,15,8,3
Winterfell,13,8,3
Winterfell,6,8,3
Winterfell,16,8,3
Winterfell,39,8,3
Winterfell,45,8,3
Winterfell,2,8,3
Winterfell,10,8,3
Winterfell,3,8,3
Winterfell,2,8,3
Winterfell,2,8,3
Winterfell,2,8,3
Winterfell,3,8,3
Winterfell,7,8,3
Winterfell,7,8,3
Winterfell,6,8,3
Winterfell,12,8,3
Winterfell,3,8,3
Winterfell,9,8,3
Winterfell,2,8,3
Winterfell,4,8,3
Winterfell,7,8,3
Winterfell,5,8,3
Winterfell,6,8,3
Winterfell,14,8,3
Winterfell,29,8,3
Winterfell,18,8,3
Winterfell,10,8,3
Winterfell,16,8,3
Winterfell,9,8,3
Winterfell,8,8,3
Winterfell,13,8,3
Winterfell,4,8,3
Winterfell,13,8,3
Winterfell,6,8,3
Winterfell,9,8,3
Winterfell,13,8,3
Winterfell,3,8,3
Winterfell,2,8,3
Winterfell,3,8,3
Winterfell,3,8,3
Winterfell,3,8,3
Winterfell,4,8,3
Winterfell,6,8,3
Winterfell,11,8,3
Winterfell,4,8,3
Winterfell,3,8,3
Winterfell,7,8,3
Winterfell,2,8,3
Winterfell,3,8,3
Winterfell,3,8,3
Winterfell,6,8,3
Winterfell,2,8,3
Winterfell,3,8,3
Winterfell,2,8,3
Winterfell,3,8,3
Winterfell,14,8,3
Winterfell,16,8,3
Winterfell,6,8,3
Winterfell,3,8,3
Winterfell,5,8,3
Winterfell,7,8,3
Winterfell,6,8,3
Winterfell,15,8,3
Winterfell,28,8,3
Winterfell,7,8,3
Winterfell,1,8,3
Winterfell,7,8,3
Winterfell,3,8,3
Winterfell,2,8,3
Winterfell,15,8,3
Winterfell,7,8,3
Winterfell,5,8,3
Winterfell,6,8,3
Winterfell,2,8,3
Winterfell,10,8,3
Winterfell,33,8,3
Winterfell,3,8,3
Winterfell,17,8,3
Winterfell,26,8,3
Winterfell,5,8,3
Winterfell,6,8,3
Winterfell,6,8,3
Winterfell,14,8,3
Winterfell,16,8,3
Winterfell,2,8,3
Winterfell,4,8,3
Winterfell,4,8,3
Winterfell,4,8,3
Winterfell,8,8,3
Winterfell,4,8,3
Winterfell,2,8,3
Winterfell,17,8,3
Winterfell,9,8,3
Winterfell,13,8,3
Winterfell,51,8,3
Winterfell,44,8,3
Winterfell,12,8,3
Winterfell,5,8,3
Winterfell,4,8,3
Winterfell,25,8,3
Winterfell,2,8,3
Winterfell,20,8,3
Winterfell,26,8,3
Winterfell,17,8,3
Winterfell,6,8,3
Winterfell,14,8,3
Winterfell,5,8,3
Winterfell,11,8,3
Winterfell,18,8,3
Winterfell,17,8,3
Winterfell,6,8,3
Winterfell,4,8,3
Winterfell,9,8,3
Winterfell,11,8,3
Winterfell,7,8,3
Winterfell,2,8,3
Winterfell,2,8,3
Winterfell,4,8,3
Winterfell,2,8,3
Winterfell,3,8,3
Winterfell,22,8,3
Winterfell,4,8,3
Winterfell,18,8,3
Winterfell,2,8,3
Winterfell,8,8,3
Winterfell,6,8,3
Winterfell,3,8,3
Winterfell,11,8,3
Winterfell,20,8,3
Winterfell,5,8,3
Winterfell,8,8,3
Winterfell,2,8,3
Winterfell,2,8,3
Winterfell,6,8,3
Winterfell,5,8,3
Winterfell,9,8,3
Winterfell,3,8,3
Winterfell,68,8,3
Winterfell,3,8,3
Winterfell,4,8,3
Winterfell,4,8,3
Winterfell,3,8,3
Winterfell,2,8,3
Winterfell,7,8,3
Winterfell,2,8,3
Winterfell,22,8,3
Winterfell,19,8,3
Winterfell,115,8,3
Winterfell,76,8,3
Winterfell,25,8,3
Winterfell,19,8,3
Winterfell,6,8,3
Winterfell,7,8,3
Winterfell,11,8,3
Winterfell,5,8,3
Winterfell,8,8,3
Winterfell,4,8,3
Winterfell,6,8,3
Winterfell,5,8,3
Winterfell,6,8,3
Winterfell,3,8,3
Winterfell,9,8,3
Winterfell,14,8,3
Winterfell,4,8,3
Winterfell,3,8,3
Winterfell,8,8,3
Winterfell,7,8,3
Winterfell,19,8,3
Winterfell,16,8,3
Winterfell,12,8,3
Winterfell,8,8,3
Winterfell,77,8,3
Winterfell,15,8,3
Winterfell,27,8,3
Winterfell,16,8,3
Winterfell,22,8,3
Winterfell,6,8,3
Winterfell,11,8,3
Winterfell,15,8,3
Winterfell,24,8,3
Winterfell,24,8,3
Winterfell,5,8,3
Winterfell,9,8,3
Winterfell,22,8,3
Winterfell,15,8,3
Winterfell,29,8,3
Winterfell,45,8,3
Winterfell,16,8,3
Winterfell,43,8,3
Winterfell,27,8,3
Winterfell,20,8,3
Winterfell,192,8,3
Winterfell,58,8,3
Winterfell,76,8,3
Winterfell,56,8,3
Winterfell,71,8,3
Winterfell,43,8,3
Winterfell,97,8,3
Winterfell,42,8,3
Winterfell,18,8,3
Winterfell,6,8,3
Winterfell,2,8,3
Winterfell,3,8,3
Winterfell,34,8,3
Winterfell,8,8,3
Winterfell,6,8,3
Winterfell,20,8,3
Winterfell,3,8,3
Winterfell,13,8,3
Winterfell,38,8,3
Winterfell,52,8,3
Winterfell,95,8,3
Winterfell,64,8,3
Winterfell,6,8,3
Winterfell,4,8,3
Winterfell,5,8,3
Winterfell,15,8,3
Winterfell,2,8,3
Winterfell,21,8,3
Winterfell,44,8,3
Winterfell,18,8,3
Winterfell,17,8,3
Winterfell,22,8,3
Winterfell,60,8,3
Winterfell,15,8,3
Winterfell,7,8,3
Winterfell,36,8,3
Winterfell,27,8,3
Winterfell,38,8,3
Winterfell,16,8,3
Winterfell,14,8,3
Winterfell,56,8,3
Winterfell,22,8,3
Winterfell,8,8,3
Winterfell,16,8,3
Winterfell,21,8,3
Winterfell,22,8,3
Winterfell,13,8,3
Winterfell,9,8,3
Winterfell,9,8,3
Winterfell,22,8,3
Winterfell,6,8,3
Winterfell,47,8,3
Winterfell,119,8,3
Winterfell,20,8,3
Winterfell,23,8,3
Winterfell,29,8,3
Winterfell,17,8,3
Winterfell,13,8,3
Winterfell,54,8,3
Winterfell,10,8,3
Winterfell,6,8,3
Winterfell,26,8,3
Winterfell,8,8,3
Winterfell,2,8,3
Winterfell,26,8,3
Winterfell,11,8,3
Winterfell,5,8,3
Winterfell,9,8,3
Winterfell,20,8,3
Winterfell,16,8,3
Winterfell,20,8,3
Winterfell,24,8,3
Winterfell,23,8,3
Winterfell,16,8,3
Winterfell,50,8,3
Winterfell,58,8,4
Winterfell,35,8,4
Winterfell,5,8,4
Winterfell,4,8,4
Winterfell,6,8,4
Winterfell,21,8,4
Winterfell,9,8,4
Winterfell,101,8,4
Winterfell,8,8,4
Winterfell,6,8,4
Winterfell,11,8,4
Winterfell,13,8,4
Winterfell,68,8,4
Winterfell,21,8,4
Winterfell,35,8,4
Winterfell,113,8,4
Winterfell,23,8,4
Winterfell,7,8,4
Winterfell,17,8,4
Winterfell,58,8,4
Winterfell,4,8,4
Winterfell,10,8,4
Winterfell,4,8,4
Winterfell,47,8,4
Winterfell,10,8,4
Winterfell,4,8,4
Winterfell,10,8,4
Winterfell,34,8,4
Winterfell,4,8,4
Winterfell,30,8,4
Winterfell,64,8,4
Winterfell,10,8,4
Winterfell,12,8,4
Winterfell,9,8,4
Winterfell,12,8,4
Winterfell,62,8,4
Winterfell,33,8,4
Winterfell,21,8,4
Winterfell,4,8,4
Winterfell,22,8,4
Winterfell,13,8,4
Winterfell,23,8,4
Winterfell,96,8,4
Winterfell,18,8,4
Winterfell,100,8,4
Winterfell,183,8,4
Winterfell,271,8,4
Winterfell,20,8,4
Winterfell,229,8,4
Winterfell,141,8,4
Winter Town,6,8,4
Winter Town,50,8,4
Winter Town,190,8,4
Winter Town,6,8,4
Outside Winterfell,17,8,4
Outside Winterfell,63,8,4
Outside Winterfell,29,8,4
Winterfell,8,8,4
Winterfell,14,8,4
Winterfell,7,8,4
Winterfell,141,8,4
Winterfell,10,8,4
Winterfell,40,8,4
Winterfell,6,8,4
Winterfell,43,8,4
Winterfell,73,8,4
Winterfell,33,8,4
Dragonstone,7,8,4
Dragonstone,21,8,4
Dragonstone,107,8,4
Dragonstone,44,8,4
Dragonstone,8,8,4
Dragonstone,4,8,4
Dragonstone,36,8,4
Dragonstone,9,8,4
Dragonstone,5,8,4
Dragonstone,8,8,4
Dragonstone,9,8,4
Dragonstone,5,8,4
Dragonstone,4,8,4
Dragonstone,3,8,4
Dragonstone,5,8,4
Dragonstone,1,8,4
Dragonstone,29,8,4
Dragonstone,5,8,4
Dragonstone,43,8,4
King's Landing,71,8,4
King's Landing,12,8,4
Dragonstone,142,8,4
Dragonstone,224,8,4
Winterfell,13,8,4
Winterfell,4,8,4
Winterfell,4,8,4
Winterfell,42,8,4
Winterfell,41,8,4
Winterfell,116,8,4
Winterfell,8,8,4
King's Landing,17,8,4
King's Landing,16,8,4
King's Landing,17,8,4
King's Landing,2,8,4
King's Landing,20,8,4
King's Landing,57,8,4
King's Landing,27,8,4
King's Landing,25,8,4
King's Landing,7,8,4
King's Landing,45,8,4
King's Landing,4,8,4
King's Landing,68,8,4
King's Landing,80,8,4
King's Landing,107,8,4
King's Landing,35,8,4
King's Landing,13,8,4
Dragonstone,34,8,5
Dragonstone,53,8,5
Dragonstone,6,8,5
Dragonstone,6,8,5
Dragonstone,4,8,5
Dragonstone,109,8,5
Dragonstone,10,8,5
Dragonstone,15,8,5
Dragonstone,173,8,5
Dragonstone,37,8,5
Dragonstone,9,8,5
Dragonstone,19,8,5
Dragonstone,108,8,5
Dragonstone,47,8,5
Dragonstone,5,8,5
Dragonstone,62,8,5
Dragonstone,31,8,5
Dragonstone,115,8,5
Dragonstone,92,8,5
Dragonstone,61,8,5
King's Landing,10,8,5
King's Landing,13,8,5
Blackwater Bay,21,8,5
King's Landing,9,8,5
King's Landing,5,8,5
King's Landing,18,8,5
King's Landing,14,8,5
King's Landing,9,8,5
King's Landing,36,8,5
King's Landing,61,8,5
King's Landing,5,8,5
King's Landing,274,8,5
King's Landing,5,8,5
King's Landing,22,8,5
Blackwater Bay,6,8,5
Blackwater Bay,12,8,5
King's Landing,20,8,5
King's Landing,25,8,5
King's Landing,20,8,5
King's Landing,27,8,5
King's Landing,15,8,5
King's Landing,6,8,5
King's Landing,5,8,5
King's Landing,16,8,5
King's Landing,24,8,5
King's Landing,6,8,5
King's Landing,32,8,5
King's Landing,13,8,5
King's Landing,9,8,5
King's Landing,13,8,5
King's Landing,18,8,5
King's Landing,15,8,5
King's Landing,4,8,5
King's Landing,37,8,5
King's Landing,6,8,5
King's Landing,6,8,5
King's Landing,4,8,5
Blackwater Bay,10,8,5
Blackwater Bay,19,8,5
Blackwater Bay,13,8,5
Blackwater Bay,3,8,5
Blackwater Bay,3,8,5
Blackwater Bay,3,8,5
Blackwater Bay,37,8,5
Blackwater Bay,10,8,5
King's Landing,9,8,5
Blackwater Bay,3,8,5
King's Landing,7,8,5
King's Landing,2,8,5
King's Landing,6,8,5
King's Landing,2,8,5
King's Landing,3,8,5
King's Landing,5,8,5
King's Landing,35,8,5
King's Landing,17,8,5
King's Landing,4,8,5
King's Landing,10,8,5
King's Landing,28,8,5
King's Landing,28,8,5
King's Landing,3,8,5
King's Landing,10,8,5
King's Landing,3,8,5
King's Landing,6,8,5
King's Landing,15,8,5
King's Landing,3,8,5
King's Landing,5,8,5
King's Landing,11,8,5
King's Landing,9,8,5
King's Landing,15,8,5
King's Landing,3,8,5
King's Landing,36,8,5
King's Landing,3,8,5
King's Landing,12,8,5
King's Landing,30,8,5
King's Landing,23,8,5
King's Landing,16,8,5
King's Landing,9,8,5
King's Landing,6,8,5
King's Landing,4,8,5
King's Landing,10,8,5
King's Landing,9,8,5
King's Landing,5,8,5
King's Landing,4,8,5
King's Landing,15,8,5
King's Landing,6,8,5
King's Landing,2,8,5
King's Landing,22,8,5
King's Landing,5,8,5
King's Landing,13,8,5
King's Landing,6,8,5
King's Landing,15,8,5
King's Landing,8,8,5
King's Landing,7,8,5
King's Landing,3,8,5
King's Landing,5,8,5
King's Landing,5,8,5
King's Landing,4,8,5
King's Landing,4,8,5
King's Landing,11,8,5
King's Landing,8,8,5
King's Landing,5,8,5
King's Landing,8,8,5
King's Landing,10,8,5
King's Landing,6,8,5
King's Landing,14,8,5
King's Landing,2,8,5
King's Landing,5,8,5
King's Landing,4,8,5
King's Landing,10,8,5
King's Landing,2,8,5
King's Landing,3,8,5
King's Landing,4,8,5
King's Landing,9,8,5
King's Landing,2,8,5
King's Landing,4,8,5
King's Landing,24,8,5
King's Landing,16,8,5
King's Landing,12,8,5
King's Landing,2,8,5
King's Landing,9,8,5
King's Landing,5,8,5
King's Landing,21,8,5
King's Landing,7,8,5
King's Landing,3,8,5
King's Landing,7,8,5
King's Landing,3,8,5
King's Landing,6,8,5
King's Landing,3,8,5
King's Landing,4,8,5
King's Landing,14,8,5
King's Landing,4,8,5
King's Landing,6,8,5
King's Landing,33,8,5
King's Landing,6,8,5
King's Landing,37,8,5
King's Landing,8,8,5
King's Landing,18,8,5
King's Landing,9,8,5
King's Landing,4,8,5
King's Landing,3,8,5
King's Landing,4,8,5
King's Landing,4,8,5
King's Landing,2,8,5
King's Landing,4,8,5
King's Landing,10,8,5
King's Landing,47,8,5
King's Landing,2,8,5
King's Landing,19,8,5
King's Landing,2,8,5
King's Landing,74,8,5
King's Landing,55,8,5
King's Landing,77,8,5
King's Landing,11,8,5
King's Landing,12,8,5
King's Landing,85,8,5
King's Landing,5,8,5
King's Landing,41,8,5
King's Landing,54,8,5
King's Landing,20,8,5
King's Landing,3,8,5
King's Landing,45,8,5
King's Landing,22,8,5
King's Landing,98,8,5
King's Landing,71,8,5
King's Landing,69,8,5
King's Landing,4,8,5
King's Landing,20,8,5
King's Landing,3,8,5
King's Landing,2,8,5
King's Landing,3,8,5
King's Landing,1,8,5
King's Landing,2,8,5
King's Landing,2,8,5
King's Landing,2,8,5
King's Landing,2,8,5
King's Landing,4,8,5
King's Landing,1,8,5
King's Landing,5,8,5
King's Landing,2,8,5
King's Landing,4,8,5
King's Landing,28,8,5
King's Landing,5,8,5
King's Landing,88,8,5
King's Landing,13,8,5
King's Landing,9,8,5
King's Landing,4,8,5
King's Landing,1,8,5
King's Landing,3,8,5
King's Landing,24,8,5
King's Landing,2,8,5
King's Landing,3,8,5
King's Landing,12,8,5
King's Landing,65,8,5
King's Landing,95,8,5
King's Landing,24,8,5
King's Landing,27,8,5
King's Landing,145,8,5
King's Landing,97,8,5
King's Landing,25,8,5
King's Landing,105,8,5
King's Landing,60,8,6
King's Landing,39,8,6
King's Landing,47,8,6
King's Landing,30,8,6
King's Landing,11,8,6
King's Landing,86,8,6
King's Landing,63,8,6
King's Landing,72,8,6
King's Landing,130,8,6
King's Landing,11,8,6
King's Landing,14,8,6
King's Landing,25,8,6
King's Landing,11,8,6
King's Landing,22,8,6
King's Landing,16,8,6
King's Landing,13,8,6
King's Landing,12,8,6
King's Landing,7,8,6
King's Landing,57,8,6
King's Landing,60,8,6
King's Landing,66,8,6
King's Landing,7,8,6
King's Landing,48,8,6
King's Landing,41,8,6
King's Landing,12,8,6
King's Landing,17,8,6
King's Landing,60,8,6
King's Landing,25,8,6
King's Landing,3,8,6
King's Landing,27,8,6
King's Landing,5,8,6
King's Landing,15,8,6
King's Landing,530,8,6
King's Landing,17,8,6
King's Landing,5,8,6
King's Landing,47,8,6
King's Landing,16,8,6
King's Landing,118,8,6
King's Landing,243,8,6
King's Landing,36,8,6
King's Landing,244,8,6
Blackwater Bay,15,8,6
King's Landing,5,8,6
Outside King's Landing,39,8,6
Outside King's Landing,23,8,6
Outside King's Landing,661,8,6
Outside King's Landing,38,8,6
Outside King's Landing,52,8,6
King's Landing,139,8,6
King's Landing,12,8,6
King's Landing,17,8,6
King's Landing,20,8,6
King's Landing,16,8,6
King's Landing,12,8,6
King's Landing,29,8,6
King's Landing,13,8,6
King's Landing,188,8,6
King's Landing,122,8,6
King's Landing,80,8,6
King's Landing,76,8,6
King's Landing,56,8,6
King's Landing,34,8,6
King's Landing,84,8,6
Castle Black,38,8,6
Castle Black,38,8,6
Castle Black,6,8,6
Winterfell,5,8,6
Castle Black,1,8,6
Winterfell,5,8,6
Castle Black,3,8,6
Castle Black,6,8,6
Winterfell,4,8,6
Castle Black,17,8,6
Winterfell,9,8,6
Castle Black,4,8,6
Winterfell,5,8,6
Castle Black,18,8,6
Castle Black,10,8,6
Castle Black,6,8,6
Winterfell,31,8,6
Castle Black,9,8,6
The Wall,80,8,6
The Haunted Forest,40,8,6
